Week,Year,GID,FirstName,LastName,Pos,Team,h/a,Oppt,fd_points,fd_salary
14,2016,1131,Brady, Tom,QB,nwe,h,bal,27.14,8600
14,2016,1301,Ryan, Matt,QB,atl,a,lar,21.48,8300
14,2016,1252,Rodgers, Aaron,QB,gnb,h,sea,21.24,8000
14,2016,1302,Flacco, Joe,QB,bal,a,nwe,20.06,7500
14,2016,1410,Tannehill, Ryan,QB,mia,h,ari,18.8,7100
14,2016,1340,Stafford, Matthew,QB,det,h,chi,18.42,8500
14,2016,1409,Luck, Andrew,QB,ind,h,hou,18.24,8200
14,2016,1344,Bradford, Sam,QB,min,a,jac,17.38,6900
14,2016,1488,Siemian, Trevor,QB,den,a,ten,17.36,7000
14,2016,1415,Cousins, Kirk,QB,was,a,phi,16.96,7600
14,2016,1403,Dalton, Andy,QB,cin,a,cle,16.9,7700
14,2016,1400,Taylor, Tyrod,QB,buf,h,pit,16.32,7600
14,2016,1442,Bortles, Blake,QB,jac,h,min,15.58,6900
14,2016,1514,Wentz, Carson,QB,phi,h,was,14.06,6500
14,2016,1472,Petty, Bryce,QB,nyj,a,sfo,13.18,6100
14,2016,1254,Smith, Alex,QB,kan,h,oak,12.66,7000
14,2016,1378,Newton, Cam,QB,car,h,sdg,12.5,7800
14,2016,1417,Barkley, Matt,QB,chi,a,det,12.48,6200
14,2016,1207,Palmer, Carson,QB,ari,a,mia,12.3,7400
14,2016,1408,Griffin III, Robert,QB,cle,h,cin,12.26,6200
14,2016,1404,Kaepernick, Colin,QB,sfo,h,nyj,11.62,7300
14,2016,1490,Goff, Jared,QB,lar,h,atl,11.6,6700
14,2016,1412,Wilson, Russell,QB,sea,a,gnb,10.5,7900
14,2016,1231,Rivers, Philip,QB,sdg,a,car,10.44,8000
14,2016,1465,Winston, Jameis,QB,tam,h,nor,8.96,8200
14,2016,1501,Prescott, Dak,QB,dal,a,nyg,8.7,8000
14,2016,1151,Brees, Drew,QB,nor,a,tam,7.48,8700
14,2016,1466,Mariota, Marcus,QB,ten,h,den,7.32,7900
14,2016,1225,Manning, Eli,QB,nyg,h,dal,6.52,7700
14,2016,1232,Roethlisberger, Ben,QB,pit,a,buf,5.6,8100
14,2016,1441,Carr, Derek,QB,oak,a,kan,4.98,8000
14,2016,1414,Osweiler, Brock,QB,hou,a,ind,4.68,6500
14,2016,1298,Moore, Matt,QB,mia,h,ari,1.88,5500
14,2016,1234,Schaub, Matt,QB,atl,a,lar,0,6000
14,2016,1239,Anderson, Derek,QB,car,h,sdg,0,5000
14,2016,1493,Boykin, Trevone,QB,sea,a,gnb,0,6000
14,2016,5071,Webb, Joe,QB,car,h,sdg,0,5000
14,2016,1262,Clemens, Kellen,QB,sdg,a,car,0,5000
14,2016,1470,Hundley, Brett,QB,gnb,h,sea,-0.2,5000
14,2016,2888,Bell, Le'Veon,RB,pit,a,buf,49.8,9000
14,2016,2819,Powell, Bilal,RB,nyj,a,sfo,32.4,5600
14,2016,2933,Hyde, Carlos,RB,sfo,h,nyj,26.5,6900
14,2016,2928,Hill, Jeremy,RB,cin,a,cle,21.7,6900
14,2016,2707,McCoy, LeSean,RB,buf,h,pit,19.8,8300
14,2016,2859,Miller, Lamar,RB,hou,a,ind,18.7,7200
14,2016,2994,Coleman, Tevin,RB,atl,a,lar,18.5,5400
14,2016,5469,Dixon, Kenneth,RB,bal,a,nwe,18.1,5000
14,2016,2899,Murray, Latavius,RB,oak,a,kan,16.3,6800
14,2016,5392,Montgomery, Ty,RB,gnb,h,sea,16.1,4800
14,2016,2992,Gurley, Todd,RB,lar,h,atl,15.8,6900
14,2016,5493,Kelley, Rob,RB,was,a,phi,15.8,5900
14,2016,2858,Martin, Doug,RB,tam,h,nor,15.5,7300
14,2016,2831,Murray, DeMarco,RB,ten,h,den,15.2,7900
14,2016,5395,Johnson, David,RB,ari,a,mia,14.6,9700
14,2016,2721,Blount, LeGarrette,RB,nwe,h,bal,14.4,6700
14,2016,2467,Gore, Frank,RB,ind,h,hou,14.4,6000
14,2016,2612,Stewart, Jonathan,RB,car,h,sdg,12.6,6500
14,2016,2993,Yeldon, T.J.,RB,jac,h,min,12.5,5300
14,2016,2969,Crowell, Isaiah,RB,cle,h,cin,12.3,5500
14,2016,5447,Howard, Jordan,RB,chi,a,det,12,7800
14,2016,2484,Sproles, Darren,RB,phi,h,was,11,5600
14,2016,5494,Farrow, Kenneth,RB,sdg,a,car,10.8,4500
14,2016,5444,Elliott, Ezekiel,RB,dal,a,nyg,10.7,8500
14,2016,2873,Asiata, Matt,RB,min,a,jac,10.1,5800
14,2016,2954,White, James,RB,nwe,h,bal,9.9,4700
14,2016,2935,McKinnon, Jerick,RB,min,a,jac,9.9,6000
14,2016,2915,Thompson, Chris,RB,was,a,phi,9.8,5100
14,2016,2875,Draughn, Shaun,RB,sfo,h,nyj,9.2,4600
14,2016,5483,Washington, Dwayne,RB,det,h,chi,7.9,4500
14,2016,5402,Rawls, Thomas,RB,sea,a,gnb,7.9,6500
14,2016,2957,Williams, Damien,RB,mia,h,ari,7.8,4600
14,2016,2998,Ajayi, Jay,RB,mia,h,ari,6.8,7200
14,2016,2914,Ware, Spencer,RB,kan,h,oak,6.8,7600
14,2016,2658,Jennings, Rashad,RB,nyg,h,dal,6.7,6100
14,2016,2931,Sims, Charles,RB,tam,h,nor,6.5,4600
14,2016,2987,West, Charcandrick,RB,kan,h,oak,6.4,5000
14,2016,2867,Turbin, Robert,RB,ind,h,hou,6.3,4500
14,2016,2908,Juszczyk, Kyle,RB,bal,a,nwe,6.1,4500
14,2016,2754,Mathews, Ryan,RB,phi,h,was,6,4600
14,2016,2960,Blue, Alfred,RB,hou,a,ind,6,5100
14,2016,2890,Burkhead, Rex,RB,cin,a,cle,5.6,4500
14,2016,5397,Zenner, Zach,RB,det,h,chi,5.5,4500
14,2016,5445,Henry, Derrick,RB,ten,h,den,5.2,5000
14,2016,5450,Collins, Alex,RB,sea,a,gnb,5.1,4500
14,2016,5472,Perkins, Paul,RB,nyg,h,dal,5,4500
14,2016,2997,Johnson, Duke,RB,cle,h,cin,5,4900
14,2016,2869,Cadet, Travaris,RB,nor,a,tam,4.9,4500
14,2016,2665,Reece, Marcel,RB,sea,a,gnb,4.8,4500
14,2016,2929,West, Terrance,RB,bal,a,nwe,4.6,6200
14,2016,2604,Hightower, Tim,RB,nor,a,tam,4.4,5900
14,2016,2898,Michael, Christine,RB,gnb,h,sea,3.6,4700
14,2016,2918,Williams, Kerwynn,RB,ari,a,mia,3.4,4500
14,2016,2894,Gillislee, Mike,RB,buf,h,pit,3.4,5300
14,2016,2642,Forsett, Justin,RB,den,a,ten,3,4500
14,2016,5490,Richard, Jalen,RB,oak,a,kan,2.9,4900
14,2016,2793,Ingram, Mark,RB,nor,a,tam,2.8,7100
14,2016,2930,Freeman, Devonta,RB,atl,a,lar,2.8,7500
14,2016,2880,Dunbar, Lance,RB,dal,a,nyg,2.7,4500
14,2016,5375,Ward, Terron,RB,atl,a,lar,2.4,4500
14,2016,2816,Lewis, Dion,RB,nwe,h,bal,2.4,5400
14,2016,5468,Booker, Devontae,RB,den,a,ten,2.1,6600
14,2016,5431,Hunt, Akeem,RB,hou,a,ind,1.9,4500
14,2016,2881,Grimes, Jonathan,RB,hou,a,ind,1.7,4500
14,2016,5446,Drake, Kenyan,RB,mia,h,ari,1.6,4500
14,2016,2830,Vereen, Shane,RB,nyg,h,dal,1.5,4500
14,2016,2916,Whittaker, Fozzy,RB,car,h,sdg,1.5,4500
14,2016,2863,Rainey, Bobby,RB,nyg,h,dal,1.4,4500
14,2016,5405,Grant, Corey,RB,jac,h,min,1.3,4500
14,2016,2913,Olawale, Jamize,RB,oak,a,kan,1.3,4500
14,2016,5510,Pope, Troymaine,RB,sea,a,gnb,1.2,4500
14,2016,5371,Langford, Jeremy,RB,chi,a,det,1,4600
14,2016,2613,Forte, Matt,RB,nyj,a,sfo,0.8,7700
14,2016,2549,Kuhn, John,RB,nor,a,tam,0.8,4500
14,2016,2990,Toussaint, Fitzgerald,RB,pit,a,buf,0.6,4500
14,2016,2991,Gordon, Melvin,RB,sdg,a,car,0.5,8200
14,2016,2495,Bush, Reggie,RB,buf,h,pit,0.4,4500
14,2016,5522,Wilds, Brandon,RB,nyj,a,sfo,0.4,4500
14,2016,5473,Smallwood, Wendell,RB,phi,h,was,0.3,5400
14,2016,2719,Bell, Joique,RB,det,h,chi,0.3,4600
14,2016,2777,Starks, James,RB,gnb,h,sea,0.3,5700
14,2016,2972,Carey, Ka'Deem,RB,chi,a,det,0.2,4500
14,2016,5406,Ripkowski, Aaron,RB,gnb,h,sea,0.2,4600
14,2016,2818,Rodgers, Jacquizz,RB,tam,h,nor,0,4600
14,2016,2825,Develin, James,RB,nwe,h,bal,0,4500
14,2016,5415,Burton, Michael,RB,det,h,chi,0,4500
14,2016,5484,Ferguson, Josh,RB,ind,h,hou,0,4500
14,2016,2912,Line, Zach,RB,min,a,jac,0,4500
14,2016,2840,Todman, Jordan,RB,ind,h,hou,0,4500
14,2016,5507,Barber, Peyton,RB,tam,h,nor,0,4500
14,2016,5487,Lasco, Daniel,RB,nor,a,tam,0,4500
14,2016,2892,Ellington, Andre,RB,ari,a,mia,0,4500
14,2016,2919,Reynolds, Chase,RB,lar,h,atl,0,4500
14,2016,2903,Taylor, Stepfan,RB,ari,a,mia,0,4500
14,2016,2940,Andrews, Antonio,RB,ten,h,den,0,4500
14,2016,2822,Sherman, Anthony,RB,kan,h,oak,0,4500
14,2016,2874,Bolden, Brandon,RB,nwe,h,bal,0,4500
14,2016,5449,Washington, DeAndre,RB,oak,a,kan,0,4500
14,2016,2647,Tolbert, Mike,RB,car,h,sdg,0,4500
14,2016,2802,Harris, DuJuan,RB,sfo,h,nyj,0,4700
14,2016,5504,Watt, Derek,RB,sdg,a,car,0,4500
14,2016,5492,Smith, Keith,RB,dal,a,nyg,0,4500
14,2016,5403,Nix, Roosevelt,RB,pit,a,buf,0,4500
14,2016,2624,Felton, Jerome,RB,buf,h,pit,0,4500
14,2016,2965,Thompson, Juwan,RB,den,a,ten,0,4500
14,2016,2978,Hewitt, Ryan,RB,cin,a,cle,0,4500
14,2016,2949,Atkinson, George,RB,cle,h,cin,0,4500
14,2016,2820,Jones, Taiwan,RB,oak,a,kan,0,4500
14,2016,2805,DiMarco, Patrick,RB,atl,a,lar,0,4500
14,2016,2692,Peerman, Cedric,RB,cin,a,cle,0,4500
14,2016,5413,Fowler, Jalston,RB,ten,h,den,0,4500
14,2016,5373,Lasike, Paul,RB,chi,a,det,0,4500
14,2016,2871,Morris, Alfred,RB,dal,a,nyg,0,4700
14,2016,2980,Prosch, Jay,RB,hou,a,ind,0,4500
14,2016,5441,Brown, Malcolm,RB,lar,h,atl,-0.6,4500
14,2016,5167,Hogan, Chris,WR,nwe,h,bal,22.1,5700
14,2016,5151,Hilton, T.Y.,WR,ind,h,hou,22,7600
14,2016,3983,Sanders, Emmanuel,WR,den,a,ten,21.5,5900
14,2016,5485,Hill, Tyreek,WR,kan,h,oak,19.8,6400
14,2016,3751,Nelson, Jordy,WR,gnb,h,sea,19.1,7100
14,2016,5409,Nelson, J.J.,WR,ari,a,mia,18.9,4900
14,2016,5212,Stills, Kenny,WR,mia,h,ari,18.7,5300
14,2016,5263,Adams, Davante,WR,gnb,h,sea,18.4,6400
14,2016,3770,Jackson, DeSean,WR,was,a,phi,17.7,5800
14,2016,3997,Thomas, Demaryius,WR,den,a,ten,17.6,6900
14,2016,5323,Beckham Jr., Odell,WR,nyg,h,dal,17.4,8500
14,2016,5417,Meredith, Cameron,WR,chi,a,det,16.2,5400
14,2016,5216,Williams, Terrance,WR,dal,a,nyg,16.1,4600
14,2016,5097,Inman, Dontrelle,WR,sdg,a,car,16.1,5500
14,2016,5361,Gabriel, Taylor,WR,atl,a,lar,15.7,5400
14,2016,3754,Garcon, Pierre,WR,was,a,phi,14.4,5400
14,2016,5502,Anderson, Robby,WR,nyj,a,sfo,14.1,4700
14,2016,5256,Lee, Marqise,WR,jac,h,min,13.8,5400
14,2016,5252,Watkins, Sammy,WR,buf,h,pit,13.4,6000
14,2016,3423,Boldin, Anquan,WR,det,h,chi,12.4,5200
14,2016,5199,Austin, Tavon,WR,lar,h,atl,12.4,4900
14,2016,5488,Mitchell, Malcolm,WR,nwe,h,bal,12.1,6200
14,2016,5333,Thielen, Adam,WR,min,a,jac,12.1,6000
14,2016,5455,Boyd, Tyler,WR,cin,a,cle,11.9,5700
14,2016,5254,Matthews, Jordan,WR,phi,h,was,11.9,5900
14,2016,3824,Britt, Kenny,WR,lar,h,atl,11.7,6900
14,2016,5505,McEvoy, Tanner,WR,sea,a,gnb,11.6,4500
14,2016,5287,Snead, Willie,WR,nor,a,tam,11.5,6100
14,2016,5070,Walters, Bryan,WR,jac,h,min,11.1,4500
14,2016,3826,Edelman, Julian,WR,nwe,h,bal,10.8,6600
14,2016,5335,Landry, Jarvis,WR,mia,h,ari,10.3,6100
14,2016,5381,Funchess, Devin,WR,car,h,sdg,10.3,4600
14,2016,3474,Brown, Antonio,WR,pit,a,buf,10.3,8800
14,2016,3995,Tate, Golden,WR,det,h,chi,8.7,6300
14,2016,5168,Jones, Marvin,WR,det,h,chi,8.7,5900
14,2016,5255,Cooks, Brandin,WR,nor,a,tam,8.6,6300
14,2016,5385,Conley, Chris,WR,kan,h,oak,8,4500
14,2016,5351,Janis, Jeff,WR,gnb,h,sea,7.9,4500
14,2016,5387,Hardy, Justin,WR,atl,a,lar,7.9,4600
14,2016,5432,Williams, Tyrell,WR,sdg,a,car,7.8,6800
14,2016,3328,Smith, Steve,WR,bal,a,nwe,7.7,6200
14,2016,3809,Wallace, Mike,WR,bal,a,nwe,7.7,6200
14,2016,5386,Lockett, Tyler,WR,sea,a,gnb,7.6,5100
14,2016,5136,Baldwin, Doug,WR,sea,a,gnb,7.6,7000
14,2016,5111,Kerley, Jeremy,WR,sfo,h,nyj,7.5,5100
14,2016,5239,Golden, Brittan,WR,ari,a,mia,7.4,4500
14,2016,5326,Coleman, Brandon,WR,nor,a,tam,7.2,4500
14,2016,5424,Diggs, Stefon,WR,min,a,jac,7,6600
14,2016,5247,Williams, Nick,WR,atl,a,lar,6.9,0
14,2016,5379,Perriman, Breshad,WR,bal,a,nwe,6.7,5400
14,2016,5253,Evans, Mike,WR,tam,h,nor,6.2,8900
14,2016,5163,Beasley, Cole,WR,dal,a,nyg,6.1,6300
14,2016,5191,Bellamy, Josh,WR,chi,a,det,6,4900
14,2016,5134,Robinson, Aldrick,WR,atl,a,lar,5.7,4500
14,2016,5376,Cooper, Amari,WR,oak,a,kan,5.4,7400
14,2016,5456,Shepard, Sterling,WR,nyg,h,dal,5.4,5500
14,2016,5209,Patton, Quinton,WR,sfo,h,nyj,5.1,4500
14,2016,3627,Marshall, Brandon,WR,nyj,a,sfo,4.8,7200
14,2016,5125,Cobb, Randall,WR,gnb,h,sea,4.8,6000
14,2016,5410,Crowder, Jamison,WR,was,a,phi,4.7,6400
14,2016,5420,Enunwa, Quincy,WR,nyj,a,sfo,4.4,4800
14,2016,5206,Hopkins, DeAndre,WR,hou,a,ind,4.3,7100
14,2016,5452,Coleman, Corey,WR,cle,h,cin,4.2,5600
14,2016,3872,Crabtree, Michael,WR,oak,a,kan,4.1,6200
14,2016,5160,Thompson, Deonte,WR,chi,a,det,3.8,4500
14,2016,5462,Cooper, Pharoh,WR,lar,h,atl,3.7,4500
14,2016,3946,LaFell, Brandon,WR,cin,a,cle,3.7,5800
14,2016,3670,Ginn Jr., Ted,WR,car,h,sdg,3.6,4700
14,2016,5478,Rogers, Eli,WR,pit,a,buf,3.5,5000
14,2016,5384,Dorsett, Phillip,WR,ind,h,hou,3.4,4600
14,2016,5217,Woods, Robert,WR,buf,h,pit,3.4,5000
14,2016,5208,Patterson, Cordarrelle,WR,min,a,jac,3.3,4900
14,2016,5501,Taylor, Jordan,WR,den,a,ten,3.3,4500
14,2016,5378,Agholor, Nelson,WR,phi,h,was,3.2,4800
14,2016,5454,Fuller, Will,WR,hou,a,ind,3.2,5400
14,2016,5182,Matthews, Rishard,WR,ten,h,den,3.1,6200
14,2016,5148,Floyd, Michael,WR,ari,a,mia,2.8,4700
14,2016,5261,Huff, Josh,WR,tam,h,nor,2.7,4500
14,2016,3501,Fitzgerald, Larry,WR,ari,a,mia,2.7,6800
14,2016,5500,Rogers, Chester,WR,ind,h,hou,2.6,4500
14,2016,5407,Mumphery, Keith,WR,hou,a,ind,2.6,4500
14,2016,5380,Parker, DeVante,WR,mia,h,ari,2.4,6700
14,2016,5467,Wynn, Shane,WR,jac,h,min,2.4,0
14,2016,5408,Roberts, Seth,WR,oak,a,kan,2.2,4900
14,2016,5362,Brown, Corey,WR,car,h,sdg,2.2,4500
14,2016,5258,Robinson, Allen,WR,jac,h,min,2.2,6600
14,2016,5223,Shepard, Russell,WR,tam,h,nor,2.2,4500
14,2016,5519,Turner, Paul,WR,phi,h,was,2.1,4500
14,2016,3830,Maclin, Jeremy,WR,kan,h,oak,2.1,5800
14,2016,5480,Erickson, Alex,WR,cin,a,cle,2.1,4500
14,2016,5268,Latimer, Cody,WR,den,a,ten,2.1,4500
14,2016,5288,Hamilton, Cobi,WR,pit,a,buf,2,4500
14,2016,5257,Benjamin, Kelvin,WR,car,h,sdg,1.6,6800
14,2016,5157,Quick, Brian,WR,lar,h,atl,1.5,4500
14,2016,5275,Aiken, Kamar,WR,bal,a,nwe,1.5,4500
14,2016,5506,Peake, Charone,WR,nyj,a,sfo,1.5,4500
14,2016,3731,Douglas, Harry,WR,ten,h,den,1.5,4500
14,2016,5222,Harper, Chris,WR,sfo,h,nyj,1.3,4500
14,2016,5518,Core, Cody,WR,cin,a,cle,1.3,4500
14,2016,5186,Kearse, Jermaine,WR,sea,a,gnb,1.2,4500
14,2016,5169,Streater, Rod,WR,sfo,h,nyj,1.2,4500
14,2016,3103,Johnson, Charles,WR,min,a,jac,1.1,4500
14,2016,5353,Fowler, Bennie,WR,den,a,ten,1,4500
14,2016,5479,Moore, Chris,WR,bal,a,nwe,1,4500
14,2016,5140,Hawkins, Andrew,WR,cle,h,cin,0.9,4500
14,2016,3900,Cruz, Victor,WR,nyg,h,dal,0.9,4600
14,2016,1407,Pryor, Terrelle,WR,cle,h,cin,0.8,6700
14,2016,2958,Thomas, De'Anthony,WR,kan,h,oak,0.6,4500
14,2016,5503,Thomas, Mike,WR,lar,h,atl,0.1,4500
14,2016,3949,Mariani, Marc,WR,ten,h,den,0,4500
14,2016,5461,Sharpe, Tajae,WR,ten,h,den,0,5300
14,2016,5219,Butler, Brice,WR,dal,a,nyg,0,4500
14,2016,5366,Martino, Freddie,WR,tam,h,nor,0,4500
14,2016,5428,Marquez, Bradley,WR,lar,h,atl,0,4500
14,2016,5344,Moncrief, Donte,WR,ind,h,hou,0,6400
14,2016,5339,Wilson, Albert,WR,kan,h,oak,0,4500
14,2016,5508,Lewis, Roger,WR,nyg,h,dal,0,4500
14,2016,5188,Wright, Jarius,WR,min,a,jac,0,4500
14,2016,3732,Weems, Eric,WR,atl,a,lar,0,4500
14,2016,5481,Louis, Ricardo,WR,cle,h,cin,0,4500
14,2016,5515,Robinson, Demarcus,WR,kan,h,oak,0,4500
14,2016,5514,Lampman, Jake,WR,nor,a,tam,0,4500
14,2016,5511,Allison, Geronimo,WR,gnb,h,sea,0,4500
14,2016,5205,Goodwin, Marquise,WR,buf,h,pit,0,5400
14,2016,3885,Benn, Arrelious,WR,jac,h,min,0,4500
14,2016,5113,Smith, Torrey,WR,sfo,h,nyj,0,4700
14,2016,5295,Grant, Ryan,WR,was,a,phi,0,4600
14,2016,5421,Smith, Devin,WR,nyj,a,sfo,0,4500
14,2016,5475,Higgins, Rashard,WR,cle,h,cin,0,4500
14,2016,5264,Brown, John,WR,ari,a,mia,0,5200
14,2016,3860,Tate, Brandon,WR,buf,h,pit,0,4500
14,2016,5512,Harris, Maurice,WR,was,a,phi,0,4500
14,2016,5363,Burse, Isaiah,WR,sdg,a,car,0,4500
14,2016,5177,Holmes, Andre,WR,oak,a,kan,0,4500
14,2016,5496,Lewis, Tommylee,WR,nor,a,tam,0,4500
14,2016,5453,Treadwell, Laquon,WR,min,a,jac,0,4500
14,2016,3978,Roberts, Andre,WR,det,h,chi,0,4500
14,2016,5292,Bersin, Brenton,WR,car,h,sdg,0,4500
14,2016,5260,Richardson, Paul,WR,sea,a,gnb,0,4500
14,2016,5388,Coates, Sammie,WR,pit,a,buf,0,4600
14,2016,5425,Dye, Donteea,WR,tam,h,nor,0,4500
14,2016,5513,Treggs, Bryce,WR,phi,h,was,0,4500
14,2016,5491,Holton, Johnny,WR,oak,a,kan,0,4500
14,2016,5474,Carroo, Leonte,WR,mia,h,ari,0,4500
14,2016,3593,Hester, Devin,WR,bal,a,nwe,0,4500
14,2016,5497,Burbridge, Aaron,WR,sfo,h,nyj,0,4500
14,2016,5207,Hunter, Justin,WR,buf,h,pit,0,5300
14,2016,5523,Braverman, Daniel,WR,chi,a,det,0,4500
14,2016,5486,Grant, Jakeem,WR,mia,h,ari,0,4500
14,2016,5130,Harris, Dwayne,WR,nyg,h,dal,0,4500
14,2016,5173,Benjamin, Travis,WR,sdg,a,car,-0.2,5100
14,2016,3891,Bryant, Dez,WR,dal,a,nyg,-0.5,7800
14,2016,3760,Slater, Matthew,WR,nwe,h,bal,-2,4500
14,2016,4568,Eifert, Tyler,TE,cin,a,cle,19.3,6700
14,2016,4569,Ertz, Zach,TE,phi,h,was,16.2,5700
14,2016,4407,Bennett, Martellus,TE,nwe,h,bal,15,5600
14,2016,4537,Rudolph, Kyle,TE,min,a,jac,14,5500
14,2016,4543,Clay, Charles,TE,buf,h,pit,12.7,4500
14,2016,4582,Kelce, Travis,TE,kan,h,oak,12.6,6500
14,2016,4368,Olsen, Greg,TE,car,h,sdg,10.7,6400
14,2016,4618,Burton, Trey,TE,phi,h,was,10,4500
14,2016,4270,Gates, Antonio,TE,sdg,a,car,8.6,5200
14,2016,4675,Henry, Hunter,TE,sdg,a,car,8.3,5500
14,2016,4594,Doyle, Jack,TE,ind,h,hou,8,4500
14,2016,4576,Sims, Dion,TE,mia,h,ari,7.9,4500
14,2016,5436,Brown, Daniel,TE,chi,a,det,7.2,4500
14,2016,4493,Gresham, Jermaine,TE,ari,a,mia,7,4500
14,2016,5419,Waller, Darren,TE,bal,a,nwe,6.8,4500
14,2016,4648,Brate, Cameron,TE,tam,h,nor,6.7,5600
14,2016,4692,Derby, A.J.,TE,den,a,ten,6.2,4500
14,2016,4601,Ebron, Eric,TE,det,h,chi,5.2,6000
14,2016,4602,Seferian-Jenkins, Austin,TE,nyj,a,sfo,5,4600
14,2016,4360,Walker, Delanie,TE,ten,h,den,4.8,6200
14,2016,4640,Fiedorowicz, C.J.,TE,hou,a,ind,4.7,5100
14,2016,4262,Witten, Jason,TE,dal,a,nyg,4.6,5100
14,2016,4684,Sterling, Neal,TE,jac,h,min,4.2,4500
14,2016,4401,Barnidge, Gary,TE,cle,h,cin,4.2,4500
14,2016,4574,Rivera, Mychal,TE,oak,a,kan,4.1,4500
14,2016,4516,Pitta, Dennis,TE,bal,a,nwe,3.8,4900
14,2016,4562,Green, Ladarius,TE,pit,a,buf,3.5,5800
14,2016,4666,Bell, Blake,TE,sfo,h,nyj,3.5,4500
14,2016,4592,Griffin, Ryan,TE,hou,a,ind,3.3,4500
14,2016,4651,Walford, Clive,TE,oak,a,kan,3.1,4500
14,2016,4660,Boyle, Nick,TE,bal,a,nwe,3,0
14,2016,4670,Tye, Will,TE,nyg,h,dal,2.9,4500
14,2016,4689,Koyack, Ben,TE,jac,h,min,2.9,4500
14,2016,4593,Bostick, Brandon,TE,nyj,a,sfo,2.7,4500
14,2016,4577,Toilolo, Levine,TE,atl,a,lar,2.4,4800
14,2016,4327,Fasano, Anthony,TE,ten,h,den,2.2,4500
14,2016,4492,Graham, Jimmy,TE,sea,a,gnb,2.1,6600
14,2016,4686,Adams, Jerell,TE,nyg,h,dal,2.1,4500
14,2016,4450,Johnson, David,TE,pit,a,buf,2,4500
14,2016,4437,Cook, Jared,TE,gnb,h,sea,2,4800
14,2016,4538,Kendricks, Lance,TE,lar,h,atl,1.8,4800
14,2016,4609,Fells, Darren,TE,ari,a,mia,1.7,4500
14,2016,4661,O'Leary, Nick,TE,buf,h,pit,1.7,4500
14,2016,4363,Celek, Brent,TE,phi,h,was,1.7,4600
14,2016,4578,Willson, Luke,TE,sea,a,gnb,1.6,4500
14,2016,4690,DeValve, Seth,TE,cle,h,cin,1.6,4500
14,2016,4573,Reed, Jordan,TE,was,a,phi,1.5,7500
14,2016,4457,Myers, Brandon,TE,tam,h,nor,1.4,4500
14,2016,4680,Higbee, Tyler,TE,lar,h,atl,1.3,4500
14,2016,4629,Rodgers, Richard,TE,gnb,h,sea,1.3,4500
14,2016,4433,Phillips, John,TE,nor,a,tam,1.3,4500
14,2016,4685,Telfer, Randall,TE,cle,h,cin,1.2,4500
14,2016,4552,Fleener, Coby,TE,nor,a,tam,1.1,5300
14,2016,4564,Celek, Garrett,TE,sfo,h,nyj,1,4500
14,2016,4653,James, Jesse,TE,pit,a,buf,1,4500
14,2016,4677,Hooper, Austin,TE,atl,a,lar,1,4700
14,2016,4323,Davis, Vernon,TE,was,a,phi,0.6,4800
14,2016,4554,Ellison, Rhett,TE,min,a,jac,0.5,4500
14,2016,4585,Donnell, Larry,TE,nyg,h,dal,0,4500
14,2016,4513,Paulsen, Logan,TE,chi,a,det,0,4500
14,2016,4588,McGrath, Sean,TE,sdg,a,car,0,4500
14,2016,4431,Mulligan, Matthew,TE,det,h,chi,0,4500
14,2016,4664,O'Shaughnessy, James,TE,kan,h,oak,0,4500
14,2016,4637,Supernaw, Phillip,TE,ten,h,den,0,4500
14,2016,4599,Carrier, Derek,TE,was,a,phi,0,4500
14,2016,4642,Harris, Demetrius,TE,kan,h,oak,0,4500
14,2016,4570,Escobar, Gavin,TE,dal,a,nyg,0,4500
14,2016,4604,Grimble, Xavier,TE,pit,a,buf,0,4500
14,2016,4676,Heuerman, Jeff,TE,den,a,ten,0,4500
14,2016,4542,Green, Virgil,TE,den,a,ten,0,4500
14,2016,4555,Jones, Dominique,TE,mia,h,ari,0,4500
14,2016,4482,Dickson, Ed,TE,car,h,sdg,0,4500
14,2016,4652,Kroft, Tyler,TE,cin,a,cle,0,4500
14,2016,4551,Allen, Dwayne,TE,ind,h,hou,0,4800
14,2016,4682,Cross, Alan,TE,tam,h,nor,0,4500
14,2016,4626,Swoope, Erik,TE,ind,h,hou,0,4500
14,2016,4679,Anderson, Stephen,TE,hou,a,ind,0,4500
14,2016,4688,Vannett, Nick,TE,sea,a,gnb,0,4500
14,2016,4691,Braunecker, Ben,TE,chi,a,det,0,4500
14,2016,4694,Morgan, David,TE,min,a,jac,0,4500
14,2016,4595,Gray, Marqueis,TE,mia,h,ari,0,4500
14,2016,4590,Williams, Brandon,TE,sea,a,gnb,0,4500
14,2016,4572,McDonald, Vance,TE,sfo,h,nyj,0,4700
14,2016,4495,Harbor, Clay,TE,det,h,chi,0,4500
14,2016,5517,Vitale, Danny,TE,cle,h,cin,0,4500
14,2016,6095,Novak, Nick,PK,hou,a,ind,19,4600
14,2016,6172,Gano, Graham,PK,car,h,sdg,17,4800
14,2016,6208,Forbath, Kai,PK,min,a,jac,16,4500
14,2016,6236,Myers, Jason,PK,jac,h,min,13,4500
14,2016,6206,Tucker, Justin,PK,bal,a,nwe,13,5200
14,2016,6211,Sturgis, Caleb,PK,phi,h,was,12,4500
14,2016,6120,Folk, Nick,PK,nyj,a,sfo,11,4500
14,2016,6238,Aguayo, Roberto,PK,tam,h,nor,11,4500
14,2016,6239,Lutz, Wil,PK,nor,a,tam,10,4800
14,2016,6169,Succop, Ryan,PK,ten,h,den,10,4500
14,2016,6159,Prater, Matt,PK,det,h,chi,10,4900
14,2016,6225,Boswell, Chris,PK,pit,a,buf,9,4600
14,2016,6104,Crosby, Mason,PK,gnb,h,sea,8,4700
14,2016,6048,Janikowski, Sebastian,PK,oak,a,kan,8,4900
14,2016,6071,Bryant, Matt,PK,atl,a,lar,6,5200
14,2016,6016,Dawson, Phil,PK,sfo,h,nyj,6,4500
14,2016,6093,Nugent, Mike,PK,cin,a,cle,6,4500
14,2016,6237,Franks, Andrew,PK,mia,h,ari,6,4500
14,2016,6229,Catanzaro, Chandler,PK,ari,a,mia,5,4600
14,2016,6037,Vinatieri, Adam,PK,ind,h,hou,5,5100
14,2016,6166,Barth, Connor,PK,chi,a,det,5,4800
14,2016,6227,McManus, Brandon,PK,den,a,ten,4,4600
14,2016,6233,Lambo, Josh,PK,sdg,a,car,4,4600
14,2016,6098,Gostkowski, Stephen,PK,nwe,h,bal,4,4800
14,2016,6096,Gould, Robbie,PK,nyg,h,dal,4,4500
14,2016,6230,Parkey, Cody,PK,cle,h,cin,4,4500
14,2016,6167,Hauschka, Steven,PK,sea,a,gnb,4,4700
14,2016,6224,Santos, Cairo,PK,kan,h,oak,3,4500
14,2016,6209,Hopkins, Dustin,PK,was,a,phi,3,4800
14,2016,6163,Carpenter, Dan,PK,buf,h,pit,2,4600
14,2016,6205,Zuerlein, Greg,PK,lar,h,atl,2,4500
14,2016,6194,Bailey, Dan,PK,dal,a,nyg,1,4700
14,2016,7002,Atlanta Defense,Def,atl,a,lar,26,4700
14,2016,7012,Green Bay Defense,Def,gnb,h,sea,19,4400
14,2016,7005,Carolina Defense,Def,car,h,sdg,18,4400
14,2016,7016,Miami Defense,Def,mia,h,ari,15,4500
14,2016,7006,Chicago Defense,Def,chi,a,det,14,4200
14,2016,7009,Dallas Defense,Def,dal,a,nyg,13,4600
14,2016,7020,New York G Defense,Def,nyg,h,dal,13,4500
14,2016,7029,Tampa Bay Defense,Def,tam,h,nor,11,4100
14,2016,7015,Kansas City Defense,Def,kan,h,oak,11,4300
14,2016,7030,Tennessee Defense,Def,ten,h,den,11,4500
14,2016,7023,Philadelphia Defense,Def,phi,h,was,10,4200
14,2016,7007,Cincinnati Defense,Def,cin,a,cle,9,5000
14,2016,7031,Washington Defense,Def,was,a,phi,9,4600
14,2016,7022,Oakland Defense,Def,oak,a,kan,8,4300
14,2016,7032,Houston Defense,Def,hou,a,ind,8,4700
14,2016,7027,San Francisco Defense,Def,sfo,h,nyj,8,4200
14,2016,7024,Pittsburgh Defense,Def,pit,a,buf,8,4500
14,2016,7018,New England Defense,Def,nwe,h,bal,8,4700
14,2016,7001,Arizona Defense,Def,ari,a,mia,7,4700
14,2016,7017,Minnesota Defense,Def,min,a,jac,7,4800
14,2016,7010,Denver Defense,Def,den,a,ten,6,4900
14,2016,7004,Buffalo Defense,Def,buf,h,pit,6,4400
14,2016,7003,Baltimore Defense,Def,bal,a,nwe,6,4300
14,2016,7019,New Orleans Defense,Def,nor,a,tam,5,4000
14,2016,7011,Detroit Defense,Def,det,h,chi,5,4600
14,2016,7008,Cleveland Defense,Def,cle,h,cin,4,4000
14,2016,7026,San Diego Defense,Def,sdg,a,car,4,4500
14,2016,7013,Indianapolis Defense,Def,ind,h,hou,4,4400
14,2016,7021,New York J Defense,Def,nyj,a,sfo,3,4500
14,2016,7014,Jacksonville Defense,Def,jac,h,min,2,4200
14,2016,7025,Los Angeles Defense,Def,lar,h,atl,1,4100
14,2016,7028,Seattle Defense,Def,sea,a,gnb,-3,4700
15,2016,1151,Brees, Drew,QB,nor,a,ari,29.36,8200
15,2016,1298,Moore, Matt,QB,mia,a,nyj,24.44,6000
15,2016,1412,Wilson, Russell,QB,sea,h,lar,21.36,7600
15,2016,1207,Palmer, Carson,QB,ari,h,nor,20.72,7600
15,2016,1378,Newton, Cam,QB,car,a,was,20,7700
15,2016,1301,Ryan, Matt,QB,atl,h,sfo,19.34,8500
15,2016,1501,Prescott, Dak,QB,dal,h,tam,19.16,7900
15,2016,1409,Luck, Andrew,QB,ind,a,min,18.8,8100
15,2016,1408,Griffin III, Robert,QB,cle,a,buf,18.64,6100
15,2016,1417,Barkley, Matt,QB,chi,h,gnb,17.48,6200
15,2016,1404,Kaepernick, Colin,QB,sfo,a,atl,17.42,7500
15,2016,1225,Manning, Eli,QB,nyg,h,det,16.04,7700
15,2016,1400,Taylor, Tyrod,QB,buf,h,cle,15.86,7600
15,2016,1231,Rivers, Philip,QB,sdg,h,oak,15.24,7800
15,2016,1232,Roethlisberger, Ben,QB,pit,a,cin,14.94,8000
15,2016,1465,Winston, Jameis,QB,tam,a,dal,13.48,7800
15,2016,1302,Flacco, Joe,QB,bal,h,phi,13.14,7400
15,2016,1254,Smith, Alex,QB,kan,h,ten,12.62,6800
15,2016,1514,Wentz, Carson,QB,phi,a,bal,12.6,6600
15,2016,1441,Carr, Derek,QB,oak,a,sdg,12.02,7900
15,2016,1252,Rodgers, Aaron,QB,gnb,a,chi,11.98,8500
15,2016,1403,Dalton, Andy,QB,cin,h,pit,11.38,7600
15,2016,1340,Stafford, Matthew,QB,det,a,nyg,11.22,7800
15,2016,1415,Cousins, Kirk,QB,was,h,car,10.7,7500
15,2016,1488,Siemian, Trevor,QB,den,h,nwe,10.68,6600
15,2016,1443,Savage, Tom,QB,hou,h,jac,10.4,5000
15,2016,1472,Petty, Bryce,QB,nyj,h,mia,9.4,6000
15,2016,1344,Bradford, Sam,QB,min,h,ind,8.64,6700
15,2016,1442,Bortles, Blake,QB,jac,a,hou,8.18,6500
15,2016,1131,Brady, Tom,QB,nwe,a,den,7.42,8100
15,2016,1466,Mariota, Marcus,QB,ten,a,kan,6.44,7700
15,2016,1490,Goff, Jared,QB,lar,a,sea,5.4,6100
15,2016,1242,Fitzpatrick, Ryan,QB,nyj,h,mia,1.34,6000
15,2016,1435,Keenum, Case,QB,lar,a,sea,1.28,6000
15,2016,1234,Schaub, Matt,QB,atl,h,sfo,0.64,6000
15,2016,1421,Manuel, E.J.,QB,buf,h,cle,0.1,5000
15,2016,1433,Tolzien, Scott,QB,ind,a,min,0,6000
15,2016,5071,Webb, Joe,QB,car,a,was,0,5000
15,2016,1262,Clemens, Kellen,QB,sdg,h,oak,0,5000
15,2016,1414,Osweiler, Brock,QB,hou,h,jac,-0.08,6500
15,2016,2930,Freeman, Devonta,RB,atl,h,sfo,32.5,7700
15,2016,2707,McCoy, LeSean,RB,buf,h,cle,30.4,9000
15,2016,5392,Montgomery, Ty,RB,gnb,a,chi,29.3,5000
15,2016,5444,Elliott, Ezekiel,RB,dal,h,tam,26.3,8500
15,2016,5395,Johnson, David,RB,ari,h,nor,24.8,9800
15,2016,2754,Mathews, Ryan,RB,phi,a,bal,21.8,5000
15,2016,2819,Powell, Bilal,RB,nyj,h,mia,21.7,6200
15,2016,5447,Howard, Jordan,RB,chi,h,gnb,19.3,6600
15,2016,2867,Turbin, Robert,RB,ind,a,min,18.4,4500
15,2016,2604,Hightower, Tim,RB,nor,a,ari,18.3,5400
15,2016,5445,Henry, Derrick,RB,ten,a,kan,17.8,4900
15,2016,2831,Murray, DeMarco,RB,ten,a,kan,16.6,7400
15,2016,2859,Miller, Lamar,RB,hou,h,jac,15.9,7200
15,2016,2888,Bell, Le'Veon,RB,pit,a,cin,15.6,9400
15,2016,2612,Stewart, Jonathan,RB,car,a,was,14.5,6100
15,2016,2929,West, Terrance,RB,bal,h,phi,14.2,5700
15,2016,2467,Gore, Frank,RB,ind,a,min,13.5,5900
15,2016,5493,Kelley, Rob,RB,was,h,car,13.5,5900
15,2016,2869,Cadet, Travaris,RB,nor,a,ari,13.1,4500
15,2016,2918,Williams, Kerwynn,RB,ari,h,nor,12.3,4500
15,2016,2997,Johnson, Duke,RB,cle,a,buf,11.8,4800
15,2016,2935,McKinnon, Jerick,RB,min,h,ind,11.6,5600
15,2016,2647,Tolbert, Mike,RB,car,a,was,11.6,4500
15,2016,2928,Hill, Jeremy,RB,cin,h,pit,11.6,6600
15,2016,2816,Lewis, Dion,RB,nwe,a,den,11.4,5100
15,2016,2914,Ware, Spencer,RB,kan,h,ten,11,6700
15,2016,2898,Michael, Christine,RB,gnb,a,chi,10.5,4900
15,2016,2793,Ingram, Mark,RB,nor,a,ari,10.2,6400
15,2016,2894,Gillislee, Mike,RB,buf,h,cle,9.7,5000
15,2016,5469,Dixon, Kenneth,RB,bal,h,phi,9.6,5100
15,2016,2721,Blount, LeGarrette,RB,nwe,a,den,9.1,6300
15,2016,2993,Yeldon, T.J.,RB,jac,a,hou,8.7,5400
15,2016,2899,Murray, Latavius,RB,oak,a,sdg,7.7,6800
15,2016,2994,Coleman, Tevin,RB,atl,h,sfo,7.6,6500
15,2016,2642,Forsett, Justin,RB,den,h,nwe,7.3,5400
15,2016,5490,Richard, Jalen,RB,oak,a,sdg,6.9,4900
15,2016,5397,Zenner, Zach,RB,det,a,nyg,6.4,4700
15,2016,2933,Hyde, Carlos,RB,sfo,a,atl,6.2,7000
15,2016,2915,Thompson, Chris,RB,was,h,car,6.1,5100
15,2016,2890,Burkhead, Rex,RB,cin,h,pit,6,4500
15,2016,5472,Perkins, Paul,RB,nyg,h,det,5.6,4500
15,2016,5375,Ward, Terron,RB,atl,h,sfo,5.2,4500
15,2016,2998,Ajayi, Jay,RB,mia,a,nyj,5.1,6900
15,2016,2954,White, James,RB,nwe,a,den,5,4500
15,2016,5483,Washington, Dwayne,RB,det,a,nyg,5,5000
15,2016,5402,Rawls, Thomas,RB,sea,h,lar,4.9,6400
15,2016,2741,Ivory, Chris,RB,jac,a,hou,4.4,5300
15,2016,5494,Farrow, Kenneth,RB,sdg,h,oak,4.3,6000
15,2016,5468,Booker, Devontae,RB,den,h,nwe,4.3,5200
15,2016,2858,Martin, Doug,RB,tam,a,dal,4.2,6500
15,2016,2992,Gurley, Todd,RB,lar,a,sea,4.1,6000
15,2016,2887,Barner, Kenjon,RB,phi,a,bal,4.1,4700
15,2016,5449,Washington, DeAndre,RB,oak,a,sdg,3.9,4500
15,2016,5524,Marshall, Byron,RB,phi,a,bal,3.8,4500
15,2016,2658,Jennings, Rashad,RB,nyg,h,det,3.8,5700
15,2016,2931,Sims, Charles,RB,tam,a,dal,3.4,4900
15,2016,2856,Hillman, Ronnie,RB,sdg,h,oak,3.4,4600
15,2016,2613,Forte, Matt,RB,nyj,h,mia,3.3,6600
15,2016,2916,Whittaker, Fozzy,RB,car,a,was,3.3,4500
15,2016,2830,Vereen, Shane,RB,nyg,h,det,3,4600
15,2016,2880,Dunbar, Lance,RB,dal,h,tam,3,4500
15,2016,2908,Juszczyk, Kyle,RB,bal,h,phi,3,4500
15,2016,2969,Crowell, Isaiah,RB,cle,a,buf,2.8,5500
15,2016,5371,Langford, Jeremy,RB,chi,h,gnb,2.7,4800
15,2016,2873,Asiata, Matt,RB,min,h,ind,2.5,5500
15,2016,2881,Grimes, Jonathan,RB,hou,h,jac,2.5,4500
15,2016,2840,Todman, Jordan,RB,ind,a,min,1.9,4500
15,2016,2825,Develin, James,RB,nwe,a,den,1.8,4500
15,2016,2624,Felton, Jerome,RB,buf,h,cle,1.7,4500
15,2016,2913,Olawale, Jamize,RB,oak,a,sdg,1.7,4500
15,2016,5446,Drake, Kenyan,RB,mia,a,nyj,1.6,4500
15,2016,5431,Hunt, Akeem,RB,hou,h,jac,1.5,4500
15,2016,2875,Draughn, Shaun,RB,sfo,a,atl,1.5,4700
15,2016,2665,Reece, Marcel,RB,sea,h,lar,1.4,4500
15,2016,2892,Ellington, Andre,RB,ari,h,nor,1.4,4500
15,2016,5441,Brown, Malcolm,RB,lar,a,sea,1.3,4500
15,2016,2603,McFadden, Darren,RB,dal,h,tam,1.3,4500
15,2016,2549,Kuhn, John,RB,nor,a,ari,1.2,4500
15,2016,2960,Blue, Alfred,RB,hou,h,jac,1,5000
15,2016,5451,Williams, Jonathan,RB,buf,h,cle,1,4500
15,2016,2553,Peterson, Adrian,RB,min,h,ind,0.8,6300
15,2016,2987,West, Charcandrick,RB,kan,h,ten,0.5,4900
15,2016,5413,Fowler, Jalston,RB,ten,a,kan,0.3,4500
15,2016,2972,Carey, Ka'Deem,RB,chi,h,gnb,0.1,4500
15,2016,5484,Ferguson, Josh,RB,ind,a,min,0.1,4500
15,2016,5415,Burton, Michael,RB,det,a,nyg,0,4500
15,2016,2912,Line, Zach,RB,min,h,ind,0,4500
15,2016,2957,Williams, Damien,RB,mia,a,nyj,0,4700
15,2016,5405,Grant, Corey,RB,jac,a,hou,0,4500
15,2016,5507,Barber, Peyton,RB,tam,a,dal,0,4600
15,2016,2919,Reynolds, Chase,RB,lar,a,sea,0,4500
15,2016,2719,Bell, Joique,RB,det,a,nyg,0,4600
15,2016,2903,Taylor, Stepfan,RB,ari,h,nor,0,4500
15,2016,2940,Andrews, Antonio,RB,ten,a,kan,0,4500
15,2016,2822,Sherman, Anthony,RB,kan,h,ten,0,4500
15,2016,2874,Bolden, Brandon,RB,nwe,a,den,0,4500
15,2016,2863,Rainey, Bobby,RB,nyg,h,det,0,4500
15,2016,2802,Harris, DuJuan,RB,sfo,a,atl,0,4500
15,2016,5522,Wilds, Brandon,RB,nyj,h,mia,0,4500
15,2016,5504,Watt, Derek,RB,sdg,h,oak,0,4500
15,2016,5492,Smith, Keith,RB,dal,h,tam,0,4500
15,2016,5403,Nix, Roosevelt,RB,pit,a,cin,0,4500
15,2016,2965,Thompson, Juwan,RB,den,h,nwe,0,4500
15,2016,2978,Hewitt, Ryan,RB,cin,h,pit,0,4500
15,2016,2949,Atkinson, George,RB,cle,a,buf,0,4500
15,2016,2820,Jones, Taiwan,RB,oak,a,sdg,0,4500
15,2016,2805,DiMarco, Patrick,RB,atl,h,sfo,0,4500
15,2016,2692,Peerman, Cedric,RB,cin,h,pit,0,4500
15,2016,5373,Lasike, Paul,RB,chi,h,gnb,0,4500
15,2016,5406,Ripkowski, Aaron,RB,gnb,a,chi,0,4600
15,2016,2990,Toussaint, Fitzgerald,RB,pit,a,cin,0,4500
15,2016,2980,Prosch, Jay,RB,hou,h,jac,0,4500
15,2016,5255,Cooks, Brandin,WR,nor,a,ari,34.1,6300
15,2016,5386,Lockett, Tyler,WR,sea,h,lar,22.5,4700
15,2016,5335,Landry, Jarvis,WR,mia,a,nyj,18.3,6100
15,2016,5153,Jeffery, Alshon,WR,chi,h,gnb,17.9,6700
15,2016,5264,Brown, John,WR,ari,h,nor,16.6,4900
15,2016,5323,Beckham Jr., Odell,WR,nyg,h,det,16.3,8600
15,2016,3995,Tate, Golden,WR,det,a,nyg,16.2,6100
15,2016,5502,Anderson, Robby,WR,nyj,h,mia,16,4700
15,2016,5478,Rogers, Eli,WR,pit,a,cin,16,4800
15,2016,3751,Nelson, Jordy,WR,gnb,a,chi,15.9,7700
15,2016,5160,Thompson, Deonte,WR,chi,h,gnb,15,4500
15,2016,3872,Crabtree, Michael,WR,oak,a,sdg,15,6000
15,2016,5417,Meredith, Cameron,WR,chi,h,gnb,14.9,5400
15,2016,5459,Thomas, Michael,WR,nor,a,ari,14.7,6400
15,2016,3770,Jackson, DeSean,WR,was,h,car,14.6,6000
15,2016,3670,Ginn Jr., Ted,WR,car,a,was,14.4,4800
15,2016,5456,Shepard, Sterling,WR,nyg,h,det,13.6,5300
15,2016,5361,Gabriel, Taylor,WR,atl,h,sfo,13.5,5800
15,2016,5134,Robinson, Aldrick,WR,atl,h,sfo,13.1,4500
15,2016,5485,Hill, Tyreek,WR,kan,h,ten,12.8,6400
15,2016,5206,Hopkins, DeAndre,WR,hou,h,jac,12.7,6500
15,2016,3946,LaFell, Brandon,WR,cin,h,pit,12.6,5600
15,2016,3997,Thomas, Demaryius,WR,den,h,nwe,12.6,6700
15,2016,5173,Benjamin, Travis,WR,sdg,h,oak,12.6,4800
15,2016,5409,Nelson, J.J.,WR,ari,h,nor,12.3,5000
15,2016,3891,Bryant, Dez,WR,dal,h,tam,12.2,7500
15,2016,5136,Baldwin, Doug,WR,sea,h,lar,12,6800
15,2016,5412,Humphries, Adam,WR,tam,a,dal,11.9,4600
15,2016,5212,Stills, Kenny,WR,mia,a,nyj,11.7,5100
15,2016,5287,Snead, Willie,WR,nor,a,ari,11.6,5900
15,2016,5384,Dorsett, Phillip,WR,ind,a,min,11.5,4500
15,2016,3754,Garcon, Pierre,WR,was,h,car,11.3,5400
15,2016,3830,Maclin, Jeremy,WR,kan,h,ten,11.2,5500
15,2016,3328,Smith, Steve,WR,bal,h,phi,11,6200
15,2016,3826,Edelman, Julian,WR,nwe,a,den,10.5,6400
15,2016,5182,Matthews, Rishard,WR,ten,a,kan,10.5,5800
15,2016,5097,Inman, Dontrelle,WR,sdg,h,oak,9.3,5500
15,2016,5275,Aiken, Kamar,WR,bal,h,phi,8.9,4500
15,2016,5420,Enunwa, Quincy,WR,nyj,h,mia,8.9,4600
15,2016,5169,Streater, Rod,WR,sfo,a,atl,8.1,4500
15,2016,5253,Evans, Mike,WR,tam,a,dal,7.9,8200
15,2016,5191,Bellamy, Josh,WR,chi,h,gnb,7.5,4700
15,2016,3103,Johnson, Charles,WR,min,h,ind,7.5,4500
15,2016,5208,Patterson, Cordarrelle,WR,min,h,ind,7.4,4900
15,2016,3474,Brown, Antonio,WR,pit,a,cin,7.3,8500
15,2016,3501,Fitzgerald, Larry,WR,ari,h,nor,7.2,7200
15,2016,3824,Britt, Kenny,WR,lar,a,sea,7,6300
15,2016,3809,Wallace, Mike,WR,bal,h,phi,7,5900
15,2016,5163,Beasley, Cole,WR,dal,h,tam,6.8,6300
15,2016,3983,Sanders, Emmanuel,WR,den,h,nwe,6.3,6600
15,2016,5157,Quick, Brian,WR,lar,a,sea,6.1,4500
15,2016,5256,Lee, Marqise,WR,jac,a,hou,6,5700
15,2016,5151,Hilton, T.Y.,WR,ind,a,min,6,7300
15,2016,5454,Fuller, Will,WR,hou,h,jac,5.9,5100
15,2016,5159,Sanu, Mohamed,WR,atl,h,sfo,5.9,5300
15,2016,5205,Goodwin, Marquise,WR,buf,h,cle,5.8,5400
15,2016,5362,Brown, Corey,WR,car,a,was,5.7,4500
15,2016,5254,Matthews, Jordan,WR,phi,a,bal,5.7,5700
15,2016,5168,Jones, Marvin,WR,det,a,nyg,5.6,5600
15,2016,5111,Kerley, Jeremy,WR,sfo,a,atl,5.3,4900
15,2016,5216,Williams, Terrance,WR,dal,h,tam,4.5,4600
15,2016,5525,Williams, Wendall,WR,hou,h,jac,4.4,
15,2016,5199,Austin, Tavon,WR,lar,a,sea,4.2,4700
15,2016,5222,Harper, Chris,WR,sfo,a,atl,4.1,4500
15,2016,5432,Williams, Tyrell,WR,sdg,h,oak,4,6500
15,2016,5500,Rogers, Chester,WR,ind,a,min,3.9,4500
15,2016,1407,Pryor, Terrelle,WR,cle,a,buf,3.9,6400
15,2016,5277,Campanaro, Michael,WR,bal,h,phi,3.9,0
15,2016,5452,Coleman, Corey,WR,cle,a,buf,3.9,5200
15,2016,5497,Burbridge, Aaron,WR,sfo,a,atl,3.9,4500
15,2016,5140,Hawkins, Andrew,WR,cle,a,buf,3.8,4500
15,2016,5408,Roberts, Seth,WR,oak,a,sdg,3.7,4600
15,2016,5462,Cooper, Pharoh,WR,lar,a,sea,3.6,4500
15,2016,5070,Walters, Bryan,WR,jac,a,hou,3.6,4500
15,2016,5263,Adams, Davante,WR,gnb,a,chi,3.5,6900
15,2016,3900,Cruz, Victor,WR,nyg,h,det,3.4,4500
15,2016,5376,Cooper, Amari,WR,oak,a,sdg,3.3,7400
15,2016,5366,Martino, Freddie,WR,tam,a,dal,3,4500
15,2016,5257,Benjamin, Kelvin,WR,car,a,was,3,6600
15,2016,3860,Tate, Brandon,WR,buf,h,cle,3,4500
15,2016,5162,Wright, Kendall,WR,ten,a,kan,2.9,4500
15,2016,5506,Peake, Charone,WR,nyj,h,mia,2.8,4500
15,2016,5177,Holmes, Andre,WR,oak,a,sdg,2.8,4500
15,2016,3423,Boldin, Anquan,WR,det,a,nyg,2.8,5200
15,2016,5219,Butler, Brice,WR,dal,h,tam,2.6,4500
15,2016,5288,Hamilton, Cobi,WR,pit,a,cin,2.6,4500
15,2016,5258,Robinson, Allen,WR,jac,a,hou,2.5,6300
15,2016,5388,Coates, Sammie,WR,pit,a,cin,2.4,4500
15,2016,5410,Crowder, Jamison,WR,was,h,car,2.4,6100
15,2016,5223,Shepard, Russell,WR,tam,a,dal,2.4,4500
15,2016,5455,Boyd, Tyler,WR,cin,h,pit,2.3,5500
15,2016,5167,Hogan, Chris,WR,nwe,a,den,2.3,5400
15,2016,5424,Diggs, Stefon,WR,min,h,ind,2.3,6300
15,2016,5518,Core, Cody,WR,cin,h,pit,2.3,4500
15,2016,5380,Parker, DeVante,WR,mia,a,nyj,2.2,6700
15,2016,3627,Marshall, Brandon,WR,nyj,h,mia,2.1,6800
15,2016,5385,Conley, Chris,WR,kan,h,ten,2.1,4500
15,2016,5207,Hunter, Justin,WR,buf,h,cle,2.1,5100
15,2016,5387,Hardy, Justin,WR,atl,h,sfo,2.1,4900
15,2016,5461,Sharpe, Tajae,WR,ten,a,kan,2,5000
15,2016,5501,Taylor, Jordan,WR,den,h,nwe,2,4500
15,2016,5488,Mitchell, Malcolm,WR,nwe,a,den,1.9,6200
15,2016,5382,Green-Beckham, Dorial,WR,phi,a,bal,1.6,4900
15,2016,5407,Mumphery, Keith,WR,hou,h,jac,1.6,4500
15,2016,5252,Watkins, Sammy,WR,buf,h,cle,1.5,6100
15,2016,5378,Agholor, Nelson,WR,phi,a,bal,1.5,4600
15,2016,5239,Golden, Brittan,WR,ari,h,nor,1.3,4500
15,2016,5209,Patton, Quinton,WR,sfo,a,atl,1.3,4500
15,2016,2958,Thomas, De'Anthony,WR,kan,h,ten,1.3,4500
15,2016,5511,Allison, Geronimo,WR,gnb,a,chi,1.2,4700
15,2016,5503,Thomas, Mike,WR,lar,a,sea,1.1,4500
15,2016,5290,Wright, James,WR,cin,h,pit,1,4500
15,2016,5217,Woods, Robert,WR,buf,h,cle,1,5100
15,2016,5188,Wright, Jarius,WR,min,h,ind,0.7,4500
15,2016,5513,Treggs, Bryce,WR,phi,a,bal,0.4,4500
15,2016,3949,Mariani, Marc,WR,ten,a,kan,0,4500
15,2016,5353,Fowler, Bennie,WR,den,h,nwe,0,4500
15,2016,5479,Moore, Chris,WR,bal,h,phi,0,4500
15,2016,5428,Marquez, Bradley,WR,lar,a,sea,0,4500
15,2016,5480,Erickson, Alex,WR,cin,h,pit,0,4500
15,2016,5261,Huff, Josh,WR,tam,a,dal,0,4500
15,2016,5339,Wilson, Albert,WR,kan,h,ten,0,4500
15,2016,5508,Lewis, Roger,WR,nyg,h,det,0,4500
15,2016,3732,Weems, Eric,WR,atl,h,sfo,0,4500
15,2016,5481,Louis, Ricardo,WR,cle,a,buf,0,4500
15,2016,5186,Kearse, Jermaine,WR,sea,h,lar,0,4600
15,2016,5515,Robinson, Demarcus,WR,kan,h,ten,0,4500
15,2016,3885,Benn, Arrelious,WR,jac,a,hou,0,4500
15,2016,5295,Grant, Ryan,WR,was,h,car,0,4500
15,2016,5421,Smith, Devin,WR,nyj,h,mia,0,4500
15,2016,5475,Higgins, Rashard,WR,cle,a,buf,0,4500
15,2016,5268,Latimer, Cody,WR,den,h,nwe,0,4500
15,2016,5351,Janis, Jeff,WR,gnb,a,chi,0,4500
15,2016,5512,Harris, Maurice,WR,was,h,car,0,4500
15,2016,5363,Burse, Isaiah,WR,sdg,h,oak,0,4500
15,2016,3731,Douglas, Harry,WR,ten,a,kan,0,4500
15,2016,5496,Lewis, Tommylee,WR,nor,a,ari,0,4500
15,2016,5125,Cobb, Randall,WR,gnb,a,chi,0,5800
15,2016,3978,Roberts, Andre,WR,det,a,nyg,0,4500
15,2016,5292,Bersin, Brenton,WR,car,a,was,0,4500
15,2016,5260,Richardson, Paul,WR,sea,h,lar,0,4500
15,2016,3760,Slater, Matthew,WR,nwe,a,den,0,4500
15,2016,5326,Coleman, Brandon,WR,nor,a,ari,0,4600
15,2016,5379,Perriman, Breshad,WR,bal,h,phi,0,5200
15,2016,5364,Street, Devin,WR,ind,a,min,0,4500
15,2016,5491,Holton, Johnny,WR,oak,a,sdg,0,4500
15,2016,5474,Carroo, Leonte,WR,mia,a,nyj,0,4500
15,2016,5333,Thielen, Adam,WR,min,h,ind,0,6000
15,2016,5381,Funchess, Devin,WR,car,a,was,0,4800
15,2016,5523,Braverman, Daniel,WR,chi,h,gnb,0,4500
15,2016,5486,Grant, Jakeem,WR,mia,a,nyj,0,4500
15,2016,5130,Harris, Dwayne,WR,nyg,h,det,0,4500
15,2016,5505,McEvoy, Tanner,WR,sea,h,lar,0,4500
15,2016,5400,Whitehead, Lucky,WR,dal,h,tam,-0.4,4500
15,2016,3828,Norwood, Jordan,WR,den,h,nwe,-2.3,4500
15,2016,4576,Sims, Dion,TE,mia,a,nyj,17.1,4500
15,2016,4543,Clay, Charles,TE,buf,h,cle,16.7,4500
15,2016,4648,Brate, Cameron,TE,tam,a,dal,15.8,5700
15,2016,4537,Rudolph, Kyle,TE,min,h,ind,13.7,5800
15,2016,4592,Griffin, Ryan,TE,hou,h,jac,12.5,4500
15,2016,4626,Swoope, Erik,TE,ind,a,min,12.5,4500
15,2016,4368,Olsen, Greg,TE,car,a,was,11.5,6300
15,2016,4437,Cook, Jared,TE,gnb,a,chi,11.5,4900
15,2016,4675,Henry, Hunter,TE,sdg,h,oak,11.2,5200
15,2016,4569,Ertz, Zach,TE,phi,a,bal,11,5900
15,2016,4562,Green, Ladarius,TE,pit,a,cin,9.7,5600
15,2016,4578,Willson, Luke,TE,sea,h,lar,9.4,4500
15,2016,4564,Celek, Garrett,TE,sfo,a,atl,9.2,4500
15,2016,4360,Walker, Delanie,TE,ten,a,kan,8.5,6100
15,2016,4262,Witten, Jason,TE,dal,h,tam,8.1,5000
15,2016,4677,Hooper, Austin,TE,atl,h,sfo,7.4,4600
15,2016,4493,Gresham, Jermaine,TE,ari,h,nor,5.7,4500
15,2016,4601,Ebron, Eric,TE,det,a,nyg,5.6,5800
15,2016,4582,Kelce, Travis,TE,kan,h,ten,5.6,6900
15,2016,4692,Derby, A.J.,TE,den,h,nwe,5.5,4500
15,2016,4594,Doyle, Jack,TE,ind,a,min,5.2,4500
15,2016,4676,Heuerman, Jeff,TE,den,h,nwe,5,4500
15,2016,4666,Bell, Blake,TE,sfo,a,atl,5,4500
15,2016,4407,Bennett, Martellus,TE,nwe,a,den,4.5,5500
15,2016,4670,Tye, Will,TE,nyg,h,det,4.5,4500
15,2016,4401,Barnidge, Gary,TE,cle,a,buf,4.5,4500
15,2016,4323,Davis, Vernon,TE,was,h,car,4.3,4900
15,2016,4595,Gray, Marqueis,TE,mia,a,nyj,4.3,4500
15,2016,4492,Graham, Jimmy,TE,sea,h,lar,3.6,6400
15,2016,4577,Toilolo, Levine,TE,atl,h,sfo,3.5,4700
15,2016,4686,Adams, Jerell,TE,nyg,h,det,3.3,4500
15,2016,4482,Dickson, Ed,TE,car,a,was,3.3,4500
15,2016,4516,Pitta, Dennis,TE,bal,h,phi,2.6,4800
15,2016,4695,Hamm, Je'Ron,TE,sfo,a,atl,2.3,4500
15,2016,5517,Vitale, Danny,TE,cle,a,buf,2.2,4500
15,2016,4680,Higbee, Tyler,TE,lar,a,sea,2,4500
15,2016,4574,Rivera, Mychal,TE,oak,a,sdg,2,4500
15,2016,4552,Fleener, Coby,TE,nor,a,ari,2,5100
15,2016,4684,Sterling, Neal,TE,jac,a,hou,1.9,4500
15,2016,4609,Fells, Darren,TE,ari,h,nor,1.8,4500
15,2016,4651,Walford, Clive,TE,oak,a,sdg,1.8,4500
15,2016,4551,Allen, Dwayne,TE,ind,a,min,1.8,5300
15,2016,4450,Johnson, David,TE,pit,a,cin,1.7,4500
15,2016,4270,Gates, Antonio,TE,sdg,h,oak,1.6,5300
15,2016,5419,Waller, Darren,TE,bal,h,phi,1.6,4500
15,2016,4629,Rodgers, Richard,TE,gnb,a,chi,1.5,4600
15,2016,4568,Eifert, Tyler,TE,cin,h,pit,1.4,7200
15,2016,4433,Phillips, John,TE,nor,a,ari,1.4,4500
15,2016,4542,Green, Virgil,TE,den,h,nwe,1.4,4500
15,2016,5436,Brown, Daniel,TE,chi,h,gnb,1.3,4500
15,2016,4693,Perkins, Joshua,TE,atl,h,sfo,1.3,
15,2016,4618,Burton, Trey,TE,phi,a,bal,1.2,4500
15,2016,4682,Cross, Alan,TE,tam,a,dal,1.2,4500
15,2016,4679,Anderson, Stephen,TE,hou,h,jac,1.2,4500
15,2016,4573,Reed, Jordan,TE,was,h,car,1.1,6800
15,2016,4690,DeValve, Seth,TE,cle,a,buf,1.1,4500
15,2016,4538,Kendricks, Lance,TE,lar,a,sea,1,4700
15,2016,4363,Celek, Brent,TE,phi,a,bal,1,4500
15,2016,4602,Seferian-Jenkins, Austin,TE,nyj,h,mia,0.8,4600
15,2016,4689,Koyack, Ben,TE,jac,a,hou,0.7,4500
15,2016,4585,Donnell, Larry,TE,nyg,h,det,0,4500
15,2016,4513,Paulsen, Logan,TE,chi,h,gnb,0,4500
15,2016,4588,McGrath, Sean,TE,sdg,h,oak,0,4500
15,2016,4431,Mulligan, Matthew,TE,det,a,nyg,0,4500
15,2016,4554,Ellison, Rhett,TE,min,h,ind,0,4500
15,2016,4653,James, Jesse,TE,pit,a,cin,0,4500
15,2016,4664,O'Shaughnessy, James,TE,kan,h,ten,0,4500
15,2016,4637,Supernaw, Phillip,TE,ten,a,kan,0,4500
15,2016,4661,O'Leary, Nick,TE,buf,h,cle,0,4500
15,2016,4599,Carrier, Derek,TE,was,h,car,0,4500
15,2016,4642,Harris, Demetrius,TE,kan,h,ten,0,4500
15,2016,4570,Escobar, Gavin,TE,dal,h,tam,0,4500
15,2016,4604,Grimble, Xavier,TE,pit,a,cin,0,4500
15,2016,4457,Myers, Brandon,TE,tam,a,dal,0,4500
15,2016,4327,Fasano, Anthony,TE,ten,a,kan,0,4500
15,2016,4685,Telfer, Randall,TE,cle,a,buf,0,4500
15,2016,4593,Bostick, Brandon,TE,nyj,h,mia,0,4500
15,2016,4652,Kroft, Tyler,TE,cin,h,pit,0,4500
15,2016,4688,Vannett, Nick,TE,sea,h,lar,0,4500
15,2016,4532,Stocker, Luke,TE,tam,a,dal,0,4500
15,2016,4691,Braunecker, Ben,TE,chi,h,gnb,0,4500
15,2016,4694,Morgan, David,TE,min,h,ind,0,4500
15,2016,4590,Williams, Brandon,TE,sea,h,lar,0,4500
15,2016,4495,Harbor, Clay,TE,det,a,nyg,0,4500
15,2016,6225,Boswell, Chris,PK,pit,a,cin,23,4600
15,2016,6194,Bailey, Dan,PK,dal,h,tam,15,5000
15,2016,6095,Novak, Nick,PK,hou,h,jac,15,4700
15,2016,6172,Gano, Graham,PK,car,a,was,15,4600
15,2016,6048,Janikowski, Sebastian,PK,oak,a,sdg,15,4900
15,2016,6071,Bryant, Matt,PK,atl,h,sfo,14,5100
15,2016,6037,Vinatieri, Adam,PK,ind,a,min,13,4800
15,2016,6211,Sturgis, Caleb,PK,phi,a,bal,13,4500
15,2016,6239,Lutz, Wil,PK,nor,a,ari,12,4800
15,2016,6098,Gostkowski, Stephen,PK,nwe,a,den,12,4900
15,2016,6104,Crosby, Mason,PK,gnb,a,chi,12,4700
15,2016,6206,Tucker, Justin,PK,bal,h,phi,12,5200
15,2016,6236,Myers, Jason,PK,jac,a,hou,10,4600
15,2016,6209,Hopkins, Dustin,PK,was,h,car,10,4600
15,2016,6169,Succop, Ryan,PK,ten,a,kan,9,4500
15,2016,6166,Barth, Connor,PK,chi,h,gnb,9,4600
15,2016,6163,Carpenter, Dan,PK,buf,h,cle,9,4700
15,2016,6208,Forbath, Kai,PK,min,h,ind,8,4500
15,2016,6120,Folk, Nick,PK,nyj,h,mia,8,4500
15,2016,6230,Parkey, Cody,PK,cle,a,buf,8,4500
15,2016,6203,Bullock, Randy,PK,cin,h,pit,8,0
15,2016,6238,Aguayo, Roberto,PK,tam,a,dal,8,4500
15,2016,6167,Hauschka, Steven,PK,sea,h,lar,7,4900
15,2016,6159,Prater, Matt,PK,det,a,nyg,7,4800
15,2016,6096,Gould, Robbie,PK,nyg,h,det,6,4500
15,2016,6229,Catanzaro, Chandler,PK,ari,h,nor,5,4800
15,2016,6224,Santos, Cairo,PK,kan,h,ten,5,4800
15,2016,6233,Lambo, Josh,PK,sdg,h,oak,4,4600
15,2016,6237,Franks, Andrew,PK,mia,a,nyj,4,4500
15,2016,6227,McManus, Brandon,PK,den,h,nwe,3,4700
15,2016,6205,Zuerlein, Greg,PK,lar,a,sea,3,4600
15,2016,6016,Dawson, Phil,PK,sfo,a,atl,1,4500
15,2016,7013,Indianapolis Defense,Def,ind,a,min,18,4200
15,2016,7016,Miami Defense,Def,mia,a,nyj,17,4500
15,2016,7018,New England Defense,Def,nwe,a,den,17,4700
15,2016,7009,Dallas Defense,Def,dal,h,tam,13,4800
15,2016,7020,New York G Defense,Def,nyg,h,det,12,4600
15,2016,7014,Jacksonville Defense,Def,jac,a,hou,11,4100
15,2016,7028,Seattle Defense,Def,sea,h,lar,11,5200
15,2016,7004,Buffalo Defense,Def,buf,h,cle,9,5100
15,2016,7012,Green Bay Defense,Def,gnb,a,chi,9,4500
15,2016,7022,Oakland Defense,Def,oak,a,sdg,8,4600
15,2016,7005,Carolina Defense,Def,car,a,was,8,4200
15,2016,7015,Kansas City Defense,Def,kan,h,ten,8,4500
15,2016,7002,Atlanta Defense,Def,atl,h,sfo,8,4900
15,2016,7023,Philadelphia Defense,Def,phi,a,bal,7,4300
15,2016,7032,Houston Defense,Def,hou,h,jac,7,5000
15,2016,7001,Arizona Defense,Def,ari,h,nor,7,4300
15,2016,7026,San Diego Defense,Def,sdg,h,oak,7,4400
15,2016,7029,Tampa Bay Defense,Def,tam,a,dal,5,4300
15,2016,7025,Los Angeles Defense,Def,lar,a,sea,4,4200
15,2016,7024,Pittsburgh Defense,Def,pit,a,cin,4,4600
15,2016,7030,Tennessee Defense,Def,ten,a,kan,4,4300
15,2016,7010,Denver Defense,Def,den,h,nwe,3,4700
15,2016,7011,Detroit Defense,Def,det,a,nyg,3,4100
15,2016,7006,Chicago Defense,Def,chi,h,gnb,3,4300
15,2016,7003,Baltimore Defense,Def,bal,h,phi,3,4700
15,2016,7021,New York J Defense,Def,nyj,h,mia,2,4100
15,2016,7031,Washington Defense,Def,was,h,car,2,4500
15,2016,7019,New Orleans Defense,Def,nor,a,ari,1,4000
15,2016,7007,Cincinnati Defense,Def,cin,h,pit,1,4200
15,2016,7008,Cleveland Defense,Def,cle,a,buf,0,4000
15,2016,7027,San Francisco Defense,Def,sfo,a,atl,-1,4000
15,2016,7017,Minnesota Defense,Def,min,h,ind,-1,4500
16,2016,1252,Rodgers, Aaron,QB,gnb,h,min,37.18,8600
16,2016,1412,Wilson, Russell,QB,sea,h,ari,33.6,7700
16,2016,1400,Taylor, Tyrod,QB,buf,h,mia,31.16,7500
16,2016,1415,Cousins, Kirk,QB,was,a,chi,29.8,7800
16,2016,1404,Kaepernick, Colin,QB,sfo,a,lar,27.14,7400
16,2016,1409,Luck, Andrew,QB,ind,a,oak,26.72,8300
16,2016,1442,Bortles, Blake,QB,jac,h,ten,26.2,6200
16,2016,1344,Bradford, Sam,QB,min,a,gnb,25.78,6100
16,2016,1501,Prescott, Dak,QB,dal,h,det,23.98,7800
16,2016,1254,Smith, Alex,QB,kan,h,den,23.36,6500
16,2016,1441,Carr, Derek,QB,oak,h,ind,21.92,8100
16,2016,1232,Roethlisberger, Ben,QB,pit,h,bal,21.06,7900
16,2016,1131,Brady, Tom,QB,nwe,h,nyj,20.56,9000
16,2016,1301,Ryan, Matt,QB,atl,a,car,19.98,7900
16,2016,1231,Rivers, Philip,QB,sdg,a,cle,19.88,8200
16,2016,1465,Winston, Jameis,QB,tam,a,nor,18.48,8000
16,2016,1298,Moore, Matt,QB,mia,a,buf,16.22,6500
16,2016,1151,Brees, Drew,QB,nor,h,tam,16.06,8500
16,2016,1417,Barkley, Matt,QB,chi,h,was,15.92,6300
16,2016,1302,Flacco, Joe,QB,bal,a,pit,15.48,7300
16,2016,1207,Palmer, Carson,QB,ari,a,sea,15.26,7000
16,2016,1225,Manning, Eli,QB,nyg,a,phi,15.24,7700
16,2016,1403,Dalton, Andy,QB,cin,a,hou,13.72,7400
16,2016,1378,Newton, Cam,QB,car,h,atl,13.52,7900
16,2016,1340,Stafford, Matthew,QB,det,a,dal,13.5,7900
16,2016,1514,Wentz, Carson,QB,phi,h,nyg,11.78,6700
16,2016,1408,Griffin III, Robert,QB,cle,h,sdg,10.76,6100
16,2016,1466,Mariota, Marcus,QB,ten,a,jac,8.26,7800
16,2016,1443,Savage, Tom,QB,hou,h,cin,8.14,6300
16,2016,1241,Cassel, Matt,QB,ten,a,jac,7.96,6000
16,2016,1488,Siemian, Trevor,QB,den,a,kan,6.32,6500
16,2016,1490,Goff, Jared,QB,lar,h,sfo,6,6200
16,2016,1242,Fitzpatrick, Ryan,QB,nyj,a,nwe,3.74,6600
16,2016,1437,McGloin, Matt,QB,oak,h,ind,0.86,5500
16,2016,1334,Daniel, Chase,QB,phi,h,nyg,0.64,5000
16,2016,1492,Kessler, Cody,QB,cle,h,sdg,0.44,6000
16,2016,1452,Garoppolo, Jimmy,QB,nwe,h,nyj,0.04,6000
16,2016,1470,Hundley, Brett,QB,gnb,h,min,0,5000
16,2016,5071,Webb, Joe,QB,car,h,atl,0,5000
16,2016,1262,Clemens, Kellen,QB,sdg,a,cle,0,5000
16,2016,1472,Petty, Bryce,QB,nyj,a,nwe,-1,6000
16,2016,5395,Johnson, David,RB,ari,a,sea,31.6,8700
16,2016,2998,Ajayi, Jay,RB,mia,a,buf,27.4,6700
16,2016,2888,Bell, Le'Veon,RB,pit,h,bal,27.2,9100
16,2016,2793,Ingram, Mark,RB,nor,h,tam,24.3,6300
16,2016,5449,Washington, DeAndre,RB,oak,h,ind,24.2,4500
16,2016,2707,McCoy, LeSean,RB,buf,h,mia,23,9500
16,2016,5397,Zenner, Zach,RB,det,a,dal,22.2,4600
16,2016,5444,Elliott, Ezekiel,RB,dal,h,det,21.7,8900
16,2016,2994,Coleman, Tevin,RB,atl,a,car,21,6100
16,2016,2969,Crowell, Isaiah,RB,cle,h,sdg,19.8,5700
16,2016,2741,Ivory, Chris,RB,jac,h,ten,17.4,5200
16,2016,2721,Blount, LeGarrette,RB,nwe,h,nyj,17,7200
16,2016,2960,Blue, Alfred,RB,hou,h,cin,17,4900
16,2016,2992,Gurley, Todd,RB,lar,h,sfo,16.2,7900
16,2016,2915,Thompson, Chris,RB,was,a,chi,16.2,4900
16,2016,5490,Richard, Jalen,RB,oak,h,ind,15.4,4900
16,2016,2818,Rodgers, Jacquizz,RB,tam,a,nor,14.8,4900
16,2016,5526,Brown, Mack,RB,was,a,chi,14.5,4500
16,2016,5447,Howard, Jordan,RB,chi,h,was,13.3,6800
16,2016,2484,Sproles, Darren,RB,phi,h,nyg,13.3,5300
16,2016,2930,Freeman, Devonta,RB,atl,a,car,12.8,7500
16,2016,2954,White, James,RB,nwe,h,nyj,12.1,4500
16,2016,2933,Hyde, Carlos,RB,sfo,a,lar,11.7,7100
16,2016,5446,Drake, Kenyan,RB,mia,a,buf,11.6,4500
16,2016,2935,McKinnon, Jerick,RB,min,a,gnb,11,5300
16,2016,2867,Turbin, Robert,RB,ind,a,oak,9.9,4500
16,2016,2875,Draughn, Shaun,RB,sfo,a,lar,9.5,4500
16,2016,2908,Juszczyk, Kyle,RB,bal,a,pit,9.5,4500
16,2016,2914,Ware, Spencer,RB,kan,h,den,9.2,6500
16,2016,5493,Kelley, Rob,RB,was,a,chi,9.2,5800
16,2016,2894,Gillislee, Mike,RB,buf,h,mia,9.1,5100
16,2016,5371,Langford, Jeremy,RB,chi,h,was,8.8,4900
16,2016,2890,Burkhead, Rex,RB,cin,a,hou,8.7,4500
16,2016,2869,Cadet, Travaris,RB,nor,h,tam,8.6,4500
16,2016,2819,Powell, Bilal,RB,nyj,a,nwe,8.4,6500
16,2016,5472,Perkins, Paul,RB,nyg,a,phi,8.2,4500
16,2016,5468,Booker, Devontae,RB,den,a,kan,8.1,5400
16,2016,2873,Asiata, Matt,RB,min,a,gnb,7.9,5100
16,2016,5494,Farrow, Kenneth,RB,sdg,a,cle,7.7,6100
16,2016,2642,Forsett, Justin,RB,den,a,kan,7.1,5100
16,2016,2658,Jennings, Rashad,RB,nyg,a,phi,7.1,5500
16,2016,2929,West, Terrance,RB,bal,a,pit,7,5800
16,2016,2831,Murray, DeMarco,RB,ten,a,jac,7,8400
16,2016,2467,Gore, Frank,RB,ind,a,oak,7,6000
16,2016,2754,Mathews, Ryan,RB,phi,h,nyg,6.7,5400
16,2016,5450,Collins, Alex,RB,sea,h,ari,6.7,4500
16,2016,5469,Dixon, Kenneth,RB,bal,a,pit,6.3,5300
16,2016,2931,Sims, Charles,RB,tam,a,nor,6.2,4800
16,2016,2816,Lewis, Dion,RB,nwe,h,nyj,6.2,5100
16,2016,2957,Williams, Damien,RB,mia,a,buf,6.1,4500
16,2016,2899,Murray, Latavius,RB,oak,h,ind,6.1,7300
16,2016,5392,Montgomery, Ty,RB,gnb,h,min,6,6300
16,2016,2997,Johnson, Duke,RB,cle,h,sdg,5.9,4700
16,2016,2612,Stewart, Jonathan,RB,car,h,atl,5.7,6400
16,2016,2603,McFadden, Darren,RB,dal,h,det,4.9,4500
16,2016,2916,Whittaker, Fozzy,RB,car,h,atl,4.9,4500
16,2016,5445,Henry, Derrick,RB,ten,a,jac,4.5,5300
16,2016,2604,Hightower, Tim,RB,nor,h,tam,4.5,5500
16,2016,5431,Hunt, Akeem,RB,hou,h,cin,4.4,4500
16,2016,2987,West, Charcandrick,RB,kan,h,den,4.3,4800
16,2016,5405,Grant, Corey,RB,jac,h,ten,3.7,4500
16,2016,5483,Washington, Dwayne,RB,det,a,dal,3.1,5300
16,2016,2624,Felton, Jerome,RB,buf,h,mia,2.5,4500
16,2016,5504,Watt, Derek,RB,sdg,a,cle,2.1,4500
16,2016,2665,Reece, Marcel,RB,sea,h,ari,2,4500
16,2016,2802,Harris, DuJuan,RB,sfo,a,lar,1.9,4500
16,2016,2965,Thompson, Juwan,RB,den,a,kan,1.9,4500
16,2016,2863,Rainey, Bobby,RB,nyg,a,phi,1.8,4500
16,2016,2549,Kuhn, John,RB,nor,h,tam,1.5,4500
16,2016,5522,Wilds, Brandon,RB,nyj,a,nwe,1.4,4500
16,2016,2978,Hewitt, Ryan,RB,cin,a,hou,1.3,4500
16,2016,2918,Williams, Kerwynn,RB,ari,a,sea,1.1,4500
16,2016,2805,DiMarco, Patrick,RB,atl,a,car,1.1,4500
16,2016,2898,Michael, Christine,RB,gnb,h,min,1,5100
16,2016,2928,Hill, Jeremy,RB,cin,a,hou,0.8,6500
16,2016,5402,Rawls, Thomas,RB,sea,h,ari,0.8,6200
16,2016,2856,Hillman, Ronnie,RB,sdg,a,cle,0.6,4500
16,2016,2825,Develin, James,RB,nwe,h,nyj,0.5,4500
16,2016,2993,Yeldon, T.J.,RB,jac,h,ten,0.5,5200
16,2016,2980,Prosch, Jay,RB,hou,h,cin,0.5,4500
16,2016,2647,Tolbert, Mike,RB,car,h,atl,0.3,4500
16,2016,5441,Brown, Malcolm,RB,lar,h,sfo,0.2,4500
16,2016,2920,Robinson, Khiry,RB,nyj,a,nwe,0.2,0
16,2016,2880,Dunbar, Lance,RB,dal,h,det,0,4500
16,2016,5415,Burton, Michael,RB,det,a,dal,0,4500
16,2016,5524,Marshall, Byron,RB,phi,h,nyg,0,4500
16,2016,5484,Ferguson, Josh,RB,ind,a,oak,0,4500
16,2016,2840,Todman, Jordan,RB,ind,a,oak,0,4500
16,2016,5507,Barber, Peyton,RB,tam,a,nor,0,4500
16,2016,2892,Ellington, Andre,RB,ari,a,sea,0,4500
16,2016,2919,Reynolds, Chase,RB,lar,h,sfo,0,4500
16,2016,2903,Taylor, Stepfan,RB,ari,a,sea,0,4500
16,2016,2940,Andrews, Antonio,RB,ten,a,jac,0,4500
16,2016,2822,Sherman, Anthony,RB,kan,h,den,0,4500
16,2016,2874,Bolden, Brandon,RB,nwe,h,nyj,0,4500
16,2016,5492,Smith, Keith,RB,dal,h,det,0,4500
16,2016,5403,Nix, Roosevelt,RB,pit,h,bal,0,4500
16,2016,5470,Ervin, Tyler,RB,hou,h,cin,0,4500
16,2016,2949,Atkinson, George,RB,cle,h,sdg,0,4500
16,2016,2820,Jones, Taiwan,RB,oak,h,ind,0,4500
16,2016,2692,Peerman, Cedric,RB,cin,a,hou,0,4500
16,2016,5451,Williams, Jonathan,RB,buf,h,mia,0,4500
16,2016,5413,Fowler, Jalston,RB,ten,a,jac,0,4500
16,2016,2881,Grimes, Jonathan,RB,hou,h,cin,0,4500
16,2016,5406,Ripkowski, Aaron,RB,gnb,h,min,0,4500
16,2016,2990,Toussaint, Fitzgerald,RB,pit,h,bal,0,4500
16,2016,2913,Olawale, Jamize,RB,oak,h,ind,0,4500
16,2016,2495,Bush, Reggie,RB,buf,h,mia,-0.8,4500
16,2016,5333,Thielen, Adam,WR,min,a,gnb,38.6,5700
16,2016,3751,Nelson, Jordy,WR,gnb,h,min,31.9,7500
16,2016,5136,Baldwin, Doug,WR,sea,h,ari,30.2,7000
16,2016,3891,Bryant, Dez,WR,dal,h,det,25.4,7600
16,2016,5252,Watkins, Sammy,WR,buf,h,mia,24.9,6000
16,2016,5417,Meredith, Cameron,WR,chi,h,was,24,5200
16,2016,3946,LaFell, Brandon,WR,cin,a,hou,22,5800
16,2016,5409,Nelson, J.J.,WR,ari,a,sea,20.7,5000
16,2016,3474,Brown, Antonio,WR,pit,h,bal,20.6,8600
16,2016,5323,Beckham Jr., Odell,WR,nyg,a,phi,20.5,8800
16,2016,3328,Smith, Steve,WR,bal,a,pit,19.4,6000
16,2016,5253,Evans, Mike,WR,tam,a,nor,19.2,8900
16,2016,5258,Robinson, Allen,WR,jac,h,ten,19.2,5600
16,2016,5380,Parker, DeVante,WR,mia,a,buf,16.5,6500
16,2016,5256,Lee, Marqise,WR,jac,h,ten,16,5900
16,2016,5456,Shepard, Sterling,WR,nyg,a,phi,15.8,5400
16,2016,5485,Hill, Tyreek,WR,kan,h,den,15.5,6400
16,2016,5169,Streater, Rod,WR,sfo,a,lar,15.3,4500
16,2016,5151,Hilton, T.Y.,WR,ind,a,oak,14.5,7600
16,2016,5432,Williams, Tyrell,WR,sdg,a,cle,14.4,6800
16,2016,5257,Benjamin, Kelvin,WR,car,h,atl,14.3,6700
16,2016,3770,Jackson, DeSean,WR,was,a,chi,13.9,6300
16,2016,5459,Thomas, Michael,WR,nor,h,tam,12.8,6900
16,2016,3872,Crabtree, Michael,WR,oak,h,ind,12.5,6200
16,2016,5263,Adams, Davante,WR,gnb,h,min,12.4,6600
16,2016,3900,Cruz, Victor,WR,nyg,a,phi,12.4,4500
16,2016,5255,Cooks, Brandin,WR,nor,h,tam,12.3,6700
16,2016,5378,Agholor, Nelson,WR,phi,h,nyg,12.2,4600
16,2016,5260,Richardson, Paul,WR,sea,h,ari,12.2,4500
16,2016,5153,Jeffery, Alshon,WR,chi,h,was,11.7,7000
16,2016,5186,Kearse, Jermaine,WR,sea,h,ari,11.7,4600
16,2016,3826,Edelman, Julian,WR,nwe,h,nyj,11.4,6500
16,2016,3754,Garcon, Pierre,WR,was,a,chi,11.4,5500
16,2016,5478,Rogers, Eli,WR,pit,h,bal,11,4800
16,2016,5199,Austin, Tavon,WR,lar,h,sfo,11,4700
16,2016,5212,Stills, Kenny,WR,mia,a,buf,11,5100
16,2016,5160,Thompson, Deonte,WR,chi,h,was,10.9,4500
16,2016,5424,Diggs, Stefon,WR,min,a,gnb,10.9,6100
16,2016,5177,Holmes, Andre,WR,oak,h,ind,10.8,4500
16,2016,5182,Matthews, Rishard,WR,ten,a,jac,10.6,5700
16,2016,5344,Moncrief, Donte,WR,ind,a,oak,10,5900
16,2016,5376,Cooper, Amari,WR,oak,h,ind,9.2,7200
16,2016,5173,Benjamin, Travis,WR,sdg,a,cle,9,4800
16,2016,3995,Tate, Golden,WR,det,a,dal,8.8,6000
16,2016,5111,Kerley, Jeremy,WR,sfo,a,lar,8.7,4900
16,2016,5219,Butler, Brice,WR,dal,h,det,8.6,4500
16,2016,5511,Allison, Geronimo,WR,gnb,h,min,8.6,4700
16,2016,5216,Williams, Terrance,WR,dal,h,det,8.1,4600
16,2016,5089,Jones, Julio,WR,atl,a,car,8,8500
16,2016,5518,Core, Cody,WR,cin,a,hou,7.9,4500
16,2016,5223,Shepard, Russell,WR,tam,a,nor,7.6,4500
16,2016,3731,Douglas, Harry,WR,ten,a,jac,7.3,4500
16,2016,5159,Sanu, Mohamed,WR,atl,a,car,7.1,5200
16,2016,5070,Walters, Bryan,WR,jac,h,ten,7,4500
16,2016,5461,Sharpe, Tajae,WR,ten,a,jac,6.3,5000
16,2016,5097,Inman, Dontrelle,WR,sdg,a,cle,5.9,5600
16,2016,5206,Hopkins, DeAndre,WR,hou,h,cin,5.8,6600
16,2016,5217,Woods, Robert,WR,buf,h,mia,5.8,5100
16,2016,3423,Boldin, Anquan,WR,det,a,dal,5.8,5300
16,2016,5454,Fuller, Will,WR,hou,h,cin,5.4,5000
16,2016,1407,Pryor, Terrelle,WR,cle,h,sdg,5.1,6500
16,2016,3501,Fitzgerald, Larry,WR,ari,a,sea,5.1,7000
16,2016,5386,Lockett, Tyler,WR,sea,h,ari,4.8,4700
16,2016,5420,Enunwa, Quincy,WR,nyj,a,nwe,4.7,4600
16,2016,5379,Perriman, Breshad,WR,bal,a,pit,4.7,5000
16,2016,5163,Beasley, Cole,WR,dal,h,det,4.5,6200
16,2016,3670,Ginn Jr., Ted,WR,car,h,atl,4.4,4800
16,2016,5335,Landry, Jarvis,WR,mia,a,buf,4.4,6400
16,2016,5488,Mitchell, Malcolm,WR,nwe,h,nyj,4.4,6100
16,2016,3809,Wallace, Mike,WR,bal,a,pit,4.1,5600
16,2016,5295,Grant, Ryan,WR,was,a,chi,4,4500
16,2016,3627,Marshall, Brandon,WR,nyj,a,nwe,3.8,6500
16,2016,5455,Boyd, Tyler,WR,cin,a,hou,3.5,5300
16,2016,3997,Thomas, Demaryius,WR,den,a,kan,3.5,6500
16,2016,5261,Huff, Josh,WR,tam,a,nor,3.4,4500
16,2016,5506,Peake, Charone,WR,nyj,a,nwe,3.2,4500
16,2016,3983,Sanders, Emmanuel,WR,den,a,kan,3.1,6400
16,2016,5162,Wright, Kendall,WR,ten,a,jac,3.1,4500
16,2016,5287,Snead, Willie,WR,nor,h,tam,3.1,6000
16,2016,5501,Taylor, Jordan,WR,den,a,kan,3.1,4500
16,2016,5361,Gabriel, Taylor,WR,atl,a,car,3,5900
16,2016,5167,Hogan, Chris,WR,nwe,h,nyj,2.7,5300
16,2016,5239,Golden, Brittan,WR,ari,a,sea,2.7,4500
16,2016,5140,Hawkins, Andrew,WR,cle,h,sdg,2.6,4500
16,2016,5421,Smith, Devin,WR,nyj,a,nwe,2.5,4500
16,2016,5452,Coleman, Corey,WR,cle,h,sdg,2.5,5100
16,2016,5497,Burbridge, Aaron,WR,sfo,a,lar,2.5,4500
16,2016,3830,Maclin, Jeremy,WR,kan,h,den,2.4,5400
16,2016,5385,Conley, Chris,WR,kan,h,den,2.4,4500
16,2016,5208,Patterson, Cordarrelle,WR,min,a,gnb,2.3,4900
16,2016,5277,Campanaro, Michael,WR,bal,a,pit,2.3,0
16,2016,3828,Norwood, Jordan,WR,den,a,kan,2.2,4500
16,2016,5254,Matthews, Jordan,WR,phi,h,nyg,2.2,5600
16,2016,5205,Goodwin, Marquise,WR,buf,h,mia,2.1,5400
16,2016,5168,Jones, Marvin,WR,det,a,dal,2.1,5700
16,2016,3103,Johnson, Charles,WR,min,a,gnb,2.1,4500
16,2016,3824,Britt, Kenny,WR,lar,h,sfo,2,6200
16,2016,5134,Robinson, Aldrick,WR,atl,a,car,2,4500
16,2016,3978,Roberts, Andre,WR,det,a,dal,1.9,4500
16,2016,5362,Brown, Corey,WR,car,h,atl,1.7,4500
16,2016,5264,Brown, John,WR,ari,a,sea,1.7,4900
16,2016,5412,Humphries, Adam,WR,tam,a,nor,1.7,4600
16,2016,5407,Mumphery, Keith,WR,hou,h,cin,1.7,4500
16,2016,5191,Bellamy, Josh,WR,chi,h,was,1.6,4700
16,2016,5528,Ayers, Demarcus,WR,pit,h,bal,1.4,
16,2016,5458,Jones, T.J.,WR,det,a,dal,1.4,4500
16,2016,5381,Funchess, Devin,WR,car,h,atl,1.4,4800
16,2016,5290,Wright, James,WR,cin,a,hou,1.3,4500
16,2016,5384,Dorsett, Phillip,WR,ind,a,oak,1.3,4500
16,2016,5351,Janis, Jeff,WR,gnb,h,min,1.3,4500
16,2016,5382,Green-Beckham, Dorial,WR,phi,h,nyg,1.2,4900
16,2016,5148,Floyd, Michael,WR,nwe,h,nyj,1.1,4700
16,2016,5288,Hamilton, Cobi,WR,pit,h,bal,1.1,4500
16,2016,5353,Fowler, Bennie,WR,den,a,kan,1,4500
16,2016,5480,Erickson, Alex,WR,cin,a,hou,1,4500
16,2016,5339,Wilson, Albert,WR,kan,h,den,0.8,4500
16,2016,5410,Crowder, Jamison,WR,was,a,chi,0.8,6000
16,2016,5222,Harper, Chris,WR,sfo,a,lar,0.6,4500
16,2016,3949,Mariani, Marc,WR,ten,a,jac,0,4500
16,2016,5157,Quick, Brian,WR,lar,h,sfo,0,4500
16,2016,5408,Roberts, Seth,WR,oak,h,ind,0,4600
16,2016,5366,Martino, Freddie,WR,tam,a,nor,0,4500
16,2016,5502,Anderson, Robby,WR,nyj,a,nwe,0,4700
16,2016,3848,Heyward-Bey, Darrius,WR,pit,h,bal,0,4500
16,2016,5527,Addison, Bralon,WR,chi,h,was,0,4500
16,2016,5479,Moore, Chris,WR,bal,a,pit,0,4500
16,2016,5508,Lewis, Roger,WR,nyg,a,phi,0,4500
16,2016,5194,Ross, Jeremy,WR,ari,a,sea,0,4500
16,2016,3732,Weems, Eric,WR,atl,a,car,0,4500
16,2016,5481,Louis, Ricardo,WR,cle,h,sdg,0,4500
16,2016,5462,Cooper, Pharoh,WR,lar,h,sfo,0,4500
16,2016,2958,Thomas, De'Anthony,WR,kan,h,den,0,4500
16,2016,5515,Robinson, Demarcus,WR,kan,h,den,0,4500
16,2016,5500,Rogers, Chester,WR,ind,a,oak,0,4500
16,2016,5400,Whitehead, Lucky,WR,dal,h,det,0,4500
16,2016,5475,Higgins, Rashard,WR,cle,h,sdg,0,4500
16,2016,3860,Tate, Brandon,WR,buf,h,mia,0,4500
16,2016,5275,Aiken, Kamar,WR,bal,a,pit,0,4500
16,2016,5268,Latimer, Cody,WR,den,a,kan,0,4500
16,2016,5512,Harris, Maurice,WR,was,a,chi,0,4500
16,2016,5363,Burse, Isaiah,WR,sdg,a,cle,0,4500
16,2016,5496,Lewis, Tommylee,WR,nor,h,tam,0,4500
16,2016,5326,Coleman, Brandon,WR,nor,h,tam,0,4600
16,2016,5513,Treggs, Bryce,WR,phi,h,nyg,0,4500
16,2016,5491,Holton, Johnny,WR,oak,h,ind,0,4500
16,2016,5207,Hunter, Justin,WR,buf,h,mia,0,5100
16,2016,5486,Grant, Jakeem,WR,mia,a,buf,0,4500
16,2016,5387,Hardy, Justin,WR,atl,a,car,0,4900
16,2016,5130,Harris, Dwayne,WR,nyg,a,phi,0,4500
16,2016,5505,McEvoy, Tanner,WR,sea,h,ari,0,4500
16,2016,5520,Raymond, Kalif,WR,den,a,kan,-2,
16,2016,4582,Kelce, Travis,TE,kan,h,den,27.5,6500
16,2016,4543,Clay, Charles,TE,buf,h,mia,24.5,4500
16,2016,4270,Gates, Antonio,TE,sdg,a,cle,19.4,5400
16,2016,4601,Ebron, Eric,TE,det,a,dal,13.3,5700
16,2016,4642,Harris, Demetrius,TE,kan,h,den,12.7,4500
16,2016,4516,Pitta, Dennis,TE,bal,a,pit,11.5,4700
16,2016,4492,Graham, Jimmy,TE,sea,h,ari,11.3,6200
16,2016,4693,Perkins, Joshua,TE,atl,a,car,10.4,
16,2016,4262,Witten, Jason,TE,dal,h,det,10.3,4900
16,2016,4360,Walker, Delanie,TE,ten,a,jac,9.8,6400
16,2016,4629,Rodgers, Richard,TE,gnb,h,min,9,4500
16,2016,4651,Walford, Clive,TE,oak,h,ind,9,4500
16,2016,4368,Olsen, Greg,TE,car,h,atl,8.9,6800
16,2016,4407,Bennett, Martellus,TE,nwe,h,nyj,8.9,5300
16,2016,4604,Grimble, Xavier,TE,pit,h,bal,8.5,4500
16,2016,4537,Rudolph, Kyle,TE,min,a,gnb,8.3,6000
16,2016,4696,Lengel, Matt,TE,nwe,h,nyj,8.3,4500
16,2016,4648,Brate, Cameron,TE,tam,a,nor,7.7,5600
16,2016,4680,Higbee, Tyler,TE,lar,h,sfo,7.5,4500
16,2016,4594,Doyle, Jack,TE,ind,a,oak,7.1,4500
16,2016,4653,James, Jesse,TE,pit,h,bal,6.9,4500
16,2016,4401,Barnidge, Gary,TE,cle,h,sdg,6.7,4500
16,2016,4640,Fiedorowicz, C.J.,TE,hou,h,cin,6.2,4900
16,2016,4564,Celek, Garrett,TE,sfo,a,lar,5.9,4800
16,2016,4656,Uzomah, C.J.,TE,cin,a,hou,5.3,4500
16,2016,4437,Cook, Jared,TE,gnb,h,min,5.2,5000
16,2016,4538,Kendricks, Lance,TE,lar,h,sfo,5.1,4600
16,2016,4493,Gresham, Jermaine,TE,ari,a,sea,5,4500
16,2016,4626,Swoope, Erik,TE,ind,a,oak,5,4500
16,2016,4670,Tye, Will,TE,nyg,a,phi,4.8,4500
16,2016,4676,Heuerman, Jeff,TE,den,a,kan,4.7,4500
16,2016,4551,Allen, Dwayne,TE,ind,a,oak,4.6,5200
16,2016,4569,Ertz, Zach,TE,phi,h,nyg,4.3,5800
16,2016,4363,Celek, Brent,TE,phi,h,nyg,4.2,4500
16,2016,4552,Fleener, Coby,TE,nor,h,tam,4,5000
16,2016,4457,Myers, Brandon,TE,tam,a,nor,3.1,4500
16,2016,5436,Brown, Daniel,TE,chi,h,was,2.9,4500
16,2016,4691,Braunecker, Ben,TE,chi,h,was,2.9,4500
16,2016,4690,DeValve, Seth,TE,cle,h,sdg,2.6,4500
16,2016,4433,Phillips, John,TE,nor,h,tam,2.5,4500
16,2016,4595,Gray, Marqueis,TE,mia,a,buf,2.5,4500
16,2016,4602,Seferian-Jenkins, Austin,TE,nyj,a,nwe,2.2,4600
16,2016,4689,Koyack, Ben,TE,jac,h,ten,2.2,4500
16,2016,4576,Sims, Dion,TE,mia,a,buf,2,4500
16,2016,5517,Vitale, Danny,TE,cle,h,sdg,2,4500
16,2016,4323,Davis, Vernon,TE,was,a,chi,1.8,4700
16,2016,4698,Krieger-Coble, Henry,TE,den,a,kan,1.8,4500
16,2016,4327,Fasano, Anthony,TE,ten,a,jac,1.7,4500
16,2016,5419,Waller, Darren,TE,bal,a,pit,1.6,4500
16,2016,4697,Manhertz, Chris,TE,car,h,atl,1.5,4500
16,2016,4577,Toilolo, Levine,TE,atl,a,car,1.5,4800
16,2016,4686,Adams, Jerell,TE,nyg,a,phi,1.4,4500
16,2016,4431,Mulligan, Matthew,TE,det,a,dal,1.3,4500
16,2016,4682,Cross, Alan,TE,tam,a,nor,1,4500
16,2016,4660,Boyle, Nick,TE,bal,a,pit,1,0
16,2016,4694,Morgan, David,TE,min,a,gnb,0.9,4500
16,2016,4618,Burton, Trey,TE,phi,h,nyg,0.8,4500
16,2016,4585,Donnell, Larry,TE,nyg,a,phi,0,4500
16,2016,4513,Paulsen, Logan,TE,chi,h,was,0,4500
16,2016,4588,McGrath, Sean,TE,sdg,a,cle,0,4500
16,2016,4554,Ellison, Rhett,TE,min,a,gnb,0,4500
16,2016,4609,Fells, Darren,TE,ari,a,sea,0,4500
16,2016,4664,O'Shaughnessy, James,TE,kan,h,den,0,4500
16,2016,4637,Supernaw, Phillip,TE,ten,a,jac,0,4500
16,2016,4675,Henry, Hunter,TE,sdg,a,cle,0,5400
16,2016,4661,O'Leary, Nick,TE,buf,h,mia,0,4500
16,2016,4599,Carrier, Derek,TE,was,a,chi,0,4500
16,2016,4570,Escobar, Gavin,TE,dal,h,det,0,4500
16,2016,4695,Hamm, Je'Ron,TE,sfo,a,lar,0,4500
16,2016,4574,Rivera, Mychal,TE,oak,h,ind,0,4500
16,2016,4578,Willson, Luke,TE,sea,h,ari,0,4500
16,2016,4592,Griffin, Ryan,TE,hou,h,cin,0,4500
16,2016,4482,Dickson, Ed,TE,car,h,atl,0,4500
16,2016,4685,Telfer, Randall,TE,cle,h,sdg,0,4500
16,2016,4593,Bostick, Brandon,TE,nyj,a,nwe,0,4500
16,2016,4669,Pruitt, MyCole,TE,chi,h,was,0,4500
16,2016,4679,Anderson, Stephen,TE,hou,h,cin,0,4500
16,2016,4532,Stocker, Luke,TE,tam,a,nor,0,4500
16,2016,4484,Dray, Jim,TE,sfo,a,lar,0,4500
16,2016,4590,Williams, Brandon,TE,sea,h,ari,0,4500
16,2016,4450,Johnson, David,TE,pit,h,bal,0,4500
16,2016,4495,Harbor, Clay,TE,det,a,dal,0,4500
16,2016,6071,Bryant, Matt,PK,atl,a,car,20,5200
16,2016,6236,Myers, Jason,PK,jac,h,ten,19,4500
16,2016,6206,Tucker, Justin,PK,bal,a,pit,15,5300
16,2016,6096,Gould, Robbie,PK,nyg,a,phi,14,4500
16,2016,6239,Lutz, Wil,PK,nor,h,tam,12,4800
16,2016,6229,Catanzaro, Chandler,PK,ari,a,sea,12,4600
16,2016,6237,Franks, Andrew,PK,mia,a,buf,12,4500
16,2016,6098,Gostkowski, Stephen,PK,nwe,h,nyj,11,4800
16,2016,6172,Gano, Graham,PK,car,h,atl,11,4700
16,2016,6209,Hopkins, Dustin,PK,was,a,chi,11,4700
16,2016,6224,Santos, Cairo,PK,kan,h,den,9,4700
16,2016,6230,Parkey, Cody,PK,cle,h,sdg,9,4500
16,2016,6104,Crosby, Mason,PK,gnb,h,min,9,4800
16,2016,6208,Forbath, Kai,PK,min,a,gnb,7,4500
16,2016,6225,Boswell, Chris,PK,pit,h,bal,7,4800
16,2016,6163,Carpenter, Dan,PK,buf,h,mia,7,4600
16,2016,6211,Sturgis, Caleb,PK,phi,h,nyg,7,4600
16,2016,6227,McManus, Brandon,PK,den,a,kan,6.6,4600
16,2016,6194,Bailey, Dan,PK,dal,h,det,6,4900
16,2016,6233,Lambo, Josh,PK,sdg,a,cle,6,4500
16,2016,6037,Vinatieri, Adam,PK,ind,a,oak,6,5100
16,2016,6095,Novak, Nick,PK,hou,h,cin,6,4800
16,2016,6169,Succop, Ryan,PK,ten,a,jac,6,4500
16,2016,6238,Aguayo, Roberto,PK,tam,a,nor,6,4500
16,2016,6167,Hauschka, Steven,PK,sea,h,ari,5,4800
16,2016,6203,Bullock, Randy,PK,cin,a,hou,5,4500
16,2016,6120,Folk, Nick,PK,nyj,a,nwe,3,4500
16,2016,6166,Barth, Connor,PK,chi,h,was,3,4500
16,2016,6205,Zuerlein, Greg,PK,lar,h,sfo,3,4600
16,2016,6159,Prater, Matt,PK,det,a,dal,3,4900
16,2016,6048,Janikowski, Sebastian,PK,oak,h,ind,3,5000
16,2016,6016,Dawson, Phil,PK,sfo,a,lar,2,4500
16,2016,7018,New England Defense,Def,nwe,h,nyj,17,5000
16,2016,7023,Philadelphia Defense,Def,phi,h,nyg,13,4200
16,2016,7031,Washington Defense,Def,was,a,chi,13,4800
16,2016,7014,Jacksonville Defense,Def,jac,h,ten,12,4000
16,2016,7007,Cincinnati Defense,Def,cin,a,hou,10,4800
16,2016,7015,Kansas City Defense,Def,kan,h,den,10,4700
16,2016,7026,San Diego Defense,Def,sdg,a,cle,10,4900
16,2016,7032,Houston Defense,Def,hou,h,cin,9,4500
16,2016,7001,Arizona Defense,Def,ari,a,sea,9,4200
16,2016,7009,Dallas Defense,Def,dal,h,det,8,4700
16,2016,7027,San Francisco Defense,Def,sfo,a,lar,8,4600
16,2016,7012,Green Bay Defense,Def,gnb,h,min,8,4600
16,2016,7025,Los Angeles Defense,Def,lar,h,sfo,8,5100
16,2016,7002,Atlanta Defense,Def,atl,a,car,7,4300
16,2016,7022,Oakland Defense,Def,oak,h,ind,6,4700
16,2016,7019,New Orleans Defense,Def,nor,h,tam,6,4100
16,2016,7005,Carolina Defense,Def,car,h,atl,5,4100
16,2016,7008,Cleveland Defense,Def,cle,h,sdg,5,4000
16,2016,7024,Pittsburgh Defense,Def,pit,h,bal,4,4500
16,2016,7020,New York G Defense,Def,nyg,a,phi,3,4800
16,2016,7003,Baltimore Defense,Def,bal,a,pit,3,4500
16,2016,7030,Tennessee Defense,Def,ten,a,jac,3,5100
16,2016,7028,Seattle Defense,Def,sea,h,ari,2,5000
16,2016,7013,Indianapolis Defense,Def,ind,a,oak,2,4100
16,2016,7010,Denver Defense,Def,den,a,kan,1,4800
16,2016,7004,Buffalo Defense,Def,buf,h,mia,1,4600
16,2016,7029,Tampa Bay Defense,Def,tam,a,nor,1,4300
16,2016,7016,Miami Defense,Def,mia,a,buf,1,4400
16,2016,7017,Minnesota Defense,Def,min,a,gnb,0,4300
16,2016,7021,New York J Defense,Def,nyj,a,nwe,-3,3000
16,2016,7011,Detroit Defense,Def,det,a,dal,-3,4300
16,2016,7006,Chicago Defense,Def,chi,h,was,-4,4400
17,2016,1252,Rodgers, Aaron,QB,gnb,a,det,34.2,8800
17,2016,1301,Ryan, Matt,QB,atl,h,nor,29.44,8700
17,2016,1254,Smith, Alex,QB,kan,a,sdg,25.66,6600
17,2016,1131,Brady, Tom,QB,nwe,a,mia,25.64,9100
17,2016,1344,Bradford, Sam,QB,min,h,chi,23.4,6700
17,2016,1430,Jones, Landry,QB,pit,h,cle,22.08,6000
17,2016,1207,Palmer, Carson,QB,ari,a,lar,21.2,7400
17,2016,1151,Brees, Drew,QB,nor,a,atl,21,8200
17,2016,1340,Stafford, Matthew,QB,det,h,gnb,20.88,8000
17,2016,1414,Osweiler, Brock,QB,hou,a,ten,20.22,6000
17,2016,1409,Luck, Andrew,QB,ind,h,jac,19.54,8400
17,2016,1514,Wentz, Carson,QB,phi,h,dal,19.1,6900
17,2016,1408,Griffin III, Robert,QB,cle,a,pit,17.48,6200
17,2016,1231,Rivers, Philip,QB,sdg,h,kan,16.86,7700
17,2016,1242,Fitzpatrick, Ryan,QB,nyj,h,buf,16.4,6700
17,2016,1298,Moore, Matt,QB,mia,h,nwe,15.2,6900
17,2016,1488,Siemian, Trevor,QB,den,h,oak,14.74,6800
17,2016,1412,Wilson, Russell,QB,sea,a,sfo,14.72,7600
17,2016,1442,Bortles, Blake,QB,jac,a,ind,14.14,7600
17,2016,1415,Cousins, Kirk,QB,was,h,nyg,13.48,7900
17,2016,1403,Dalton, Andy,QB,cin,h,bal,13.44,7300
17,2016,1404,Kaepernick, Colin,QB,sfo,h,sea,12.2,7200
17,2016,1378,Newton, Cam,QB,car,a,tam,11.08,7800
17,2016,1465,Winston, Jameis,QB,tam,h,car,10.88,7800
17,2016,1302,Flacco, Joe,QB,bal,a,cin,9.68,7300
17,2016,1241,Cassel, Matt,QB,ten,h,hou,9.2,6100
17,2016,1417,Barkley, Matt,QB,chi,a,min,7.7,6500
17,2016,1225,Manning, Eli,QB,nyg,a,was,7.2,7500
17,2016,1498,Cook, Connor,QB,oak,a,den,7,5000
17,2016,1233,Romo, Tony,QB,dal,a,phi,5.16,6000
17,2016,1490,Goff, Jared,QB,lar,h,ari,4.8,6400
17,2016,1505,Jones, Cardale,QB,buf,a,nyj,2.74,6000
17,2016,1493,Boykin, Trevone,QB,sea,a,sfo,2.38,6000
17,2016,1501,Prescott, Dak,QB,dal,a,phi,2.38,7700
17,2016,1421,Manuel, E.J.,QB,buf,a,nyj,2.24,5000
17,2016,1339,Sanchez, Mark,QB,dal,a,phi,1.4,5000
17,2016,1476,Fales, David,QB,chi,a,min,0.88,5000
17,2016,1437,McGloin, Matt,QB,oak,a,den,0.84,6000
17,2016,5071,Webb, Joe,QB,car,a,tam,0,5000
17,2016,1413,Foles, Nick,QB,kan,a,sdg,0,6000
17,2016,1262,Clemens, Kellen,QB,sdg,h,kan,0,5000
17,2016,1452,Garoppolo, Jimmy,QB,nwe,a,mia,0,6000
17,2016,1213,Hill, Shaun,QB,min,h,chi,-0.3,6000
17,2016,1484,Mannion, Sean,QB,lar,h,ari,-0.34,5000
17,2016,1401,Mallett, Ryan,QB,bal,a,cin,-0.52,6000
17,2016,1290,Stanton, Drew,QB,ari,a,lar,-0.68,6000
17,2016,1443,Savage, Tom,QB,hou,a,ten,-0.9,6600
17,2016,2890,Burkhead, Rex,RB,cin,h,bal,27.4,4500
17,2016,2930,Freeman, Devonta,RB,atl,h,nor,26.2,8000
17,2016,2987,West, Charcandrick,RB,kan,a,sdg,26.1,4700
17,2016,2875,Draughn, Shaun,RB,sfo,h,sea,24.9,4600
17,2016,2935,McKinnon, Jerick,RB,min,h,chi,24.5,5200
17,2016,5468,Booker, Devontae,RB,den,h,oak,23.9,5300
17,2016,2500,Williams, DeAngelo,RB,pit,h,cle,22.9,4500
17,2016,2793,Ingram, Mark,RB,nor,a,atl,22.2,6100
17,2016,2819,Powell, Bilal,RB,nyj,h,buf,21.2,6600
17,2016,5405,Grant, Corey,RB,jac,a,ind,20.7,4500
17,2016,5397,Zenner, Zach,RB,det,h,gnb,19,4500
17,2016,2969,Crowell, Isaiah,RB,cle,a,pit,16.3,6100
17,2016,5406,Ripkowski, Aaron,RB,gnb,a,det,14.6,4500
17,2016,5469,Dixon, Kenneth,RB,bal,a,cin,13.8,5200
17,2016,2612,Stewart, Jonathan,RB,car,a,tam,13.7,6200
17,2016,5447,Howard, Jordan,RB,chi,a,min,13.5,7400
17,2016,2994,Coleman, Tevin,RB,atl,h,nor,13.4,6400
17,2016,5445,Henry, Derrick,RB,ten,h,hou,13.3,5100
17,2016,2658,Jennings, Rashad,RB,nyg,a,was,12.2,5600
17,2016,2918,Williams, Kerwynn,RB,ari,a,lar,12,4500
17,2016,2894,Gillislee, Mike,RB,buf,a,nyj,11.5,5200
17,2016,2721,Blount, LeGarrette,RB,nwe,a,mia,11.1,7600
17,2016,2856,Hillman, Ronnie,RB,sdg,h,kan,10.6,4500
17,2016,2867,Turbin, Robert,RB,ind,h,jac,10.3,5100
17,2016,5472,Perkins, Paul,RB,nyg,a,was,10.2,4500
17,2016,5374,Watson, Terrell,RB,phi,h,dal,9.8,4500
17,2016,2992,Gurley, Todd,RB,lar,h,ari,9.7,6400
17,2016,2998,Ajayi, Jay,RB,mia,h,nwe,9.4,7300
17,2016,2949,Atkinson, George,RB,cle,a,pit,9.4,4500
17,2016,2869,Cadet, Travaris,RB,nor,a,atl,9.3,4500
17,2016,2642,Forsett, Justin,RB,den,h,oak,9,5300
17,2016,2604,Hightower, Tim,RB,nor,a,atl,8.9,5400
17,2016,2934,Williams, Andre,RB,sdg,h,kan,8.7,4500
17,2016,2467,Gore, Frank,RB,ind,h,jac,8.6,6200
17,2016,2818,Rodgers, Jacquizz,RB,tam,h,car,8.4,5200
17,2016,5392,Montgomery, Ty,RB,gnb,a,det,7.6,6700
17,2016,5402,Rawls, Thomas,RB,sea,a,sfo,7.4,7400
17,2016,2915,Thompson, Chris,RB,was,h,nyg,7.2,5400
17,2016,2881,Grimes, Jonathan,RB,hou,a,ten,6.9,4500
17,2016,5449,Washington, DeAndre,RB,oak,a,den,6.7,4500
17,2016,5450,Collins, Alex,RB,sea,a,sfo,6.4,5800
17,2016,5371,Langford, Jeremy,RB,chi,a,min,6.2,4800
17,2016,2816,Lewis, Dion,RB,nwe,a,mia,6.2,5200
17,2016,2873,Asiata, Matt,RB,min,h,chi,6,5000
17,2016,5395,Johnson, David,RB,ari,a,lar,5.9,9300
17,2016,2603,McFadden, Darren,RB,dal,a,phi,5.7,4500
17,2016,2929,West, Terrance,RB,bal,a,cin,5.5,5600
17,2016,2960,Blue, Alfred,RB,hou,a,ten,5.5,5600
17,2016,2880,Dunbar, Lance,RB,dal,a,phi,5.4,4500
17,2016,5524,Marshall, Byron,RB,phi,h,dal,5.1,4500
17,2016,2484,Sproles, Darren,RB,phi,h,dal,5.1,5500
17,2016,2954,White, James,RB,nwe,a,mia,5,4500
17,2016,2990,Toussaint, Fitzgerald,RB,pit,h,cle,4.8,4500
17,2016,5522,Wilds, Brandon,RB,nyj,h,buf,3.9,4500
17,2016,2892,Ellington, Andre,RB,ari,a,lar,3.6,4500
17,2016,2665,Reece, Marcel,RB,sea,a,sfo,3.5,4500
17,2016,5493,Kelley, Rob,RB,was,h,nyg,3.3,5900
17,2016,2899,Murray, Latavius,RB,oak,a,den,3,6900
17,2016,2831,Murray, DeMarco,RB,ten,h,hou,2.4,7800
17,2016,2647,Tolbert, Mike,RB,car,a,tam,2.4,4500
17,2016,2957,Williams, Damien,RB,mia,h,nwe,2.3,5200
17,2016,2898,Michael, Christine,RB,gnb,a,det,2.1,4900
17,2016,2707,McCoy, LeSean,RB,buf,a,nyj,2.1,9100
17,2016,2871,Morris, Alfred,RB,dal,a,phi,2,4500
17,2016,5507,Barber, Peyton,RB,tam,h,car,1.9,4500
17,2016,2901,Robinson, Denard,RB,jac,a,ind,1.7,4500
17,2016,5403,Nix, Roosevelt,RB,pit,h,cle,1.5,4500
17,2016,2692,Peerman, Cedric,RB,cin,h,bal,1.5,4500
17,2016,2913,Olawale, Jamize,RB,oak,a,den,1.5,4500
17,2016,5441,Brown, Malcolm,RB,lar,h,ari,1.1,4500
17,2016,5529,Hill, Bronson,RB,jac,a,ind,1.1,4500
17,2016,2908,Juszczyk, Kyle,RB,bal,a,cin,1.1,4500
17,2016,5446,Drake, Kenyan,RB,mia,h,nwe,1,5100
17,2016,2919,Reynolds, Chase,RB,lar,h,ari,0.9,4500
17,2016,2916,Whittaker, Fozzy,RB,car,a,tam,0.9,4500
17,2016,2891,Davis, Knile,RB,kan,a,sdg,0.9,4500
17,2016,2863,Rainey, Bobby,RB,nyg,a,was,0.8,4500
17,2016,2822,Sherman, Anthony,RB,kan,a,sdg,0.7,4500
17,2016,2905,Banyard, Joe,RB,jac,a,ind,0.7,
17,2016,5414,Mostert, Raheem,RB,sfo,h,sea,0.6,4500
17,2016,2997,Johnson, Duke,RB,cle,a,pit,0.4,4800
17,2016,5490,Richard, Jalen,RB,oak,a,den,0.3,5400
17,2016,2965,Thompson, Juwan,RB,den,h,oak,0.1,4500
17,2016,2825,Develin, James,RB,nwe,a,mia,0,4500
17,2016,5483,Washington, Dwayne,RB,det,h,gnb,0,5100
17,2016,2549,Kuhn, John,RB,nor,a,atl,0,4500
17,2016,5484,Ferguson, Josh,RB,ind,h,jac,0,4500
17,2016,2912,Line, Zach,RB,min,h,chi,0,4500
17,2016,2840,Todman, Jordan,RB,ind,h,jac,0,4500
17,2016,2495,Bush, Reggie,RB,buf,a,nyj,0,4500
17,2016,2719,Bell, Joique,RB,det,h,gnb,0,4600
17,2016,2903,Taylor, Stepfan,RB,ari,a,lar,0,4500
17,2016,2940,Andrews, Antonio,RB,ten,h,hou,0,4500
17,2016,2874,Bolden, Brandon,RB,nwe,a,mia,0,4500
17,2016,5504,Watt, Derek,RB,sdg,h,kan,0,4500
17,2016,5492,Smith, Keith,RB,dal,a,phi,0,4500
17,2016,2624,Felton, Jerome,RB,buf,a,nyj,0,4500
17,2016,2978,Hewitt, Ryan,RB,cin,h,bal,0,4500
17,2016,5431,Hunt, Akeem,RB,hou,a,ten,0,4500
17,2016,5470,Ervin, Tyler,RB,hou,a,ten,0,4500
17,2016,5526,Brown, Mack,RB,was,h,nyg,0,4500
17,2016,2820,Jones, Taiwan,RB,oak,a,den,0,4500
17,2016,2805,DiMarco, Patrick,RB,atl,h,nor,0,4500
17,2016,5413,Fowler, Jalston,RB,ten,h,hou,0,4500
17,2016,5530,Burks, Brandon,RB,nyj,h,buf,-0.4,
17,2016,5451,Williams, Jonathan,RB,buf,a,nyj,-0.9,4500
17,2016,2802,Harris, DuJuan,RB,sfo,h,sea,-2.1,4500
17,2016,3826,Edelman, Julian,WR,nwe,a,mia,27.7,6800
17,2016,5459,Thomas, Michael,WR,nor,a,atl,26.6,6700
17,2016,5182,Matthews, Rishard,WR,ten,h,hou,21.9,5800
17,2016,5263,Adams, Davante,WR,gnb,a,det,20.1,6800
17,2016,5089,Jones, Julio,WR,atl,h,nor,19.1,8300
17,2016,5257,Benjamin, Kelvin,WR,car,a,tam,18.3,6800
17,2016,5335,Landry, Jarvis,WR,mia,h,nwe,18.1,6300
17,2016,3995,Tate, Golden,WR,det,h,gnb,17.4,5700
17,2016,5511,Allison, Geronimo,WR,gnb,a,det,17.1,4800
17,2016,5206,Hopkins, DeAndre,WR,hou,a,ten,15.8,7200
17,2016,5253,Evans, Mike,WR,tam,h,car,15,8400
17,2016,5485,Hill, Tyreek,WR,kan,a,sdg,14.6,6500
17,2016,5412,Humphries, Adam,WR,tam,h,car,14.4,4500
17,2016,3423,Boldin, Anquan,WR,det,h,gnb,13.7,4900
17,2016,1407,Pryor, Terrelle,WR,cle,a,pit,12.9,5900
17,2016,5288,Hamilton, Cobi,WR,pit,h,cle,12.9,4500
17,2016,5070,Walters, Bryan,WR,jac,a,ind,12.8,4500
17,2016,3501,Fitzgerald, Larry,WR,ari,a,lar,12.8,6600
17,2016,5151,Hilton, T.Y.,WR,ind,h,jac,12.5,7800
17,2016,5387,Hardy, Justin,WR,atl,h,nor,12.3,4700
17,2016,5417,Meredith, Cameron,WR,chi,a,min,12.18,5800
17,2016,5212,Stills, Kenny,WR,mia,h,nwe,12.1,4900
17,2016,5376,Cooper, Amari,WR,oak,a,den,11.9,6400
17,2016,5194,Ross, Jeremy,WR,ari,a,lar,11.7,4500
17,2016,5528,Ayers, Demarcus,WR,pit,h,cle,11.7,
17,2016,5256,Lee, Marqise,WR,jac,a,ind,11.6,6300
17,2016,3754,Garcon, Pierre,WR,was,h,nyg,11.6,5600
17,2016,3670,Ginn Jr., Ted,WR,car,a,tam,11.3,4900
17,2016,5159,Sanu, Mohamed,WR,atl,h,nor,11.2,5100
17,2016,5148,Floyd, Michael,WR,nwe,a,mia,11.1,4600
17,2016,5188,Wright, Jarius,WR,min,h,chi,10.9,4500
17,2016,5216,Williams, Terrance,WR,dal,a,phi,10.8,4700
17,2016,5258,Robinson, Allen,WR,jac,a,ind,10.7,6100
17,2016,5420,Enunwa, Quincy,WR,nyj,h,buf,10.6,4500
17,2016,3946,LaFell, Brandon,WR,cin,h,bal,10.2,5800
17,2016,5518,Core, Cody,WR,cin,h,bal,10.2,4500
17,2016,5168,Jones, Marvin,WR,det,h,gnb,10.1,5600
17,2016,5432,Williams, Tyrell,WR,sdg,h,kan,10,6400
17,2016,5287,Snead, Willie,WR,nor,a,atl,9.7,5800
17,2016,5489,Marshall, Jalin,WR,nyj,h,buf,9.7,4500
17,2016,3751,Nelson, Jordy,WR,gnb,a,det,9.6,8200
17,2016,5409,Nelson, J.J.,WR,ari,a,lar,9.5,5300
17,2016,5500,Rogers, Chester,WR,ind,h,jac,9.2,4500
17,2016,5478,Rogers, Eli,WR,pit,h,cle,9.1,4700
17,2016,5111,Kerley, Jeremy,WR,sfo,h,sea,9.1,4700
17,2016,5379,Perriman, Breshad,WR,bal,a,cin,8.2,4700
17,2016,5384,Dorsett, Phillip,WR,ind,h,jac,7.6,4500
17,2016,5385,Conley, Chris,WR,kan,a,sdg,7.5,4500
17,2016,5452,Coleman, Corey,WR,cle,a,pit,7.4,4800
17,2016,3830,Maclin, Jeremy,WR,kan,a,sdg,7.3,5300
17,2016,3872,Crabtree, Michael,WR,oak,a,den,7.2,6100
17,2016,5097,Inman, Dontrelle,WR,sdg,h,kan,7.1,5700
17,2016,5380,Parker, DeVante,WR,mia,h,nwe,7,6300
17,2016,5207,Hunter, Justin,WR,buf,a,nyj,6.9,4700
17,2016,5323,Beckham Jr., Odell,WR,nyg,a,was,6.9,8800
17,2016,3997,Thomas, Demaryius,WR,den,h,oak,6.7,6600
17,2016,5260,Richardson, Paul,WR,sea,a,sfo,6.5,4500
17,2016,5455,Boyd, Tyler,WR,cin,h,bal,6.4,5100
17,2016,5163,Beasley, Cole,WR,dal,a,phi,6.4,6000
17,2016,5502,Anderson, Robby,WR,nyj,h,buf,6.3,5200
17,2016,5217,Woods, Robert,WR,buf,a,nyj,6.3,5200
17,2016,5501,Taylor, Jordan,WR,den,h,oak,5.6,4500
17,2016,5186,Kearse, Jermaine,WR,sea,a,sfo,5.5,4500
17,2016,5136,Baldwin, Doug,WR,sea,a,sfo,5.4,7100
17,2016,3809,Wallace, Mike,WR,bal,a,cin,5.3,5500
17,2016,5456,Shepard, Sterling,WR,nyg,a,was,5.2,5200
17,2016,5252,Watkins, Sammy,WR,buf,a,nyj,5.1,6100
17,2016,3848,Heyward-Bey, Darrius,WR,pit,h,cle,5.1,4500
17,2016,5525,Williams, Wendall,WR,hou,a,ten,5.1,
17,2016,3328,Smith, Steve,WR,bal,a,cin,4.9,5800
17,2016,5273,King, Tavarres,WR,nyg,a,was,4.9,4500
17,2016,5167,Hogan, Chris,WR,nwe,a,mia,4.7,5100
17,2016,5339,Wilson, Albert,WR,kan,a,sdg,4.7,4500
17,2016,5462,Cooper, Pharoh,WR,lar,h,ari,4.6,4500
17,2016,5134,Robinson, Aldrick,WR,atl,h,nor,4.6,4500
17,2016,3770,Jackson, DeSean,WR,was,h,nyg,4.4,7000
17,2016,5208,Patterson, Cordarrelle,WR,min,h,chi,4.4,4600
17,2016,5268,Latimer, Cody,WR,den,h,oak,4.3,4500
17,2016,5408,Roberts, Seth,WR,oak,a,den,4.1,4500
17,2016,5519,Turner, Paul,WR,phi,h,dal,4,4500
17,2016,5222,Harper, Chris,WR,sfo,h,sea,4,4500
17,2016,5458,Jones, T.J.,WR,det,h,gnb,4,4500
17,2016,5454,Fuller, Will,WR,hou,a,ten,3.9,5100
17,2016,5223,Shepard, Russell,WR,tam,h,car,3.9,4500
17,2016,5407,Mumphery, Keith,WR,hou,a,ten,3.8,4500
17,2016,5264,Brown, John,WR,ari,a,lar,3.5,4800
17,2016,5140,Hawkins, Andrew,WR,cle,a,pit,3.4,4500
17,2016,5255,Cooks, Brandin,WR,nor,a,atl,3.4,7100
17,2016,5481,Louis, Ricardo,WR,cle,a,pit,3.2,4500
17,2016,5275,Aiken, Kamar,WR,bal,a,cin,3.2,4500
17,2016,5506,Peake, Charone,WR,nyj,h,buf,3.2,4500
17,2016,5362,Brown, Corey,WR,car,a,tam,3,4500
17,2016,5497,Burbridge, Aaron,WR,sfo,h,sea,2.9,4500
17,2016,5393,Smelter, DeAndre,WR,sfo,h,sea,2.8,0
17,2016,5410,Crowder, Jamison,WR,was,h,nyg,2.6,5900
17,2016,5505,McEvoy, Tanner,WR,sea,a,sfo,2.6,4500
17,2016,5157,Quick, Brian,WR,lar,h,ari,2.5,4500
17,2016,5531,Byrd, Damier,WR,car,a,tam,2.1,4500
17,2016,5503,Thomas, Mike,WR,lar,h,ari,2,4500
17,2016,5512,Harris, Maurice,WR,was,h,nyg,2,4500
17,2016,5382,Green-Beckham, Dorial,WR,phi,h,dal,2,4800
17,2016,5191,Bellamy, Josh,WR,chi,a,min,1.8,4600
17,2016,3900,Cruz, Victor,WR,nyg,a,was,1.7,4500
17,2016,3103,Johnson, Charles,WR,min,h,chi,1.6,4500
17,2016,5153,Jeffery, Alshon,WR,chi,a,min,1.5,6900
17,2016,3949,Mariani, Marc,WR,ten,h,hou,1.5,4500
17,2016,5292,Bersin, Brenton,WR,car,a,tam,1.5,4500
17,2016,5247,Williams, Nick,WR,atl,h,nor,1.5,0
17,2016,5366,Martino, Freddie,WR,tam,h,car,1.4,4500
17,2016,5400,Whitehead, Lucky,WR,dal,a,phi,1.3,4500
17,2016,5205,Goodwin, Marquise,WR,buf,a,nyj,1.3,4800
17,2016,5326,Coleman, Brandon,WR,nor,a,atl,1.3,4500
17,2016,5333,Thielen, Adam,WR,min,h,chi,1.2,6500
17,2016,5533,McRoberts, Paul,WR,lar,h,ari,1.1,4500
17,2016,5277,Campanaro, Michael,WR,bal,a,cin,1,0
17,2016,5169,Streater, Rod,WR,sfo,h,sea,1,4500
17,2016,5199,Austin, Tavon,WR,lar,h,ari,1,4900
17,2016,5219,Butler, Brice,WR,dal,a,phi,0.8,4500
17,2016,5239,Golden, Brittan,WR,ari,a,lar,0.5,4500
17,2016,5486,Grant, Jakeem,WR,mia,h,nwe,0.1,4500
17,2016,5461,Sharpe, Tajae,WR,ten,h,hou,0,4900
17,2016,5290,Wright, James,WR,cin,h,bal,0,4500
17,2016,5160,Thompson, Deonte,WR,chi,a,min,0,4500
17,2016,5527,Addison, Bralon,WR,chi,a,min,0,4500
17,2016,5353,Fowler, Bennie,WR,den,h,oak,0,4500
17,2016,5479,Moore, Chris,WR,bal,a,cin,0,4500
17,2016,3983,Sanders, Emmanuel,WR,den,h,oak,0,6500
17,2016,5480,Erickson, Alex,WR,cin,h,bal,0,4500
17,2016,5508,Lewis, Roger,WR,nyg,a,was,0,4500
17,2016,3732,Weems, Eric,WR,atl,h,nor,0,4500
17,2016,2958,Thomas, De'Anthony,WR,kan,a,sdg,0,4500
17,2016,5515,Robinson, Demarcus,WR,kan,a,sdg,0,4500
17,2016,3885,Benn, Arrelious,WR,jac,a,ind,0,4500
17,2016,5295,Grant, Ryan,WR,was,h,nyg,0,4600
17,2016,5421,Smith, Devin,WR,nyj,h,buf,0,4500
17,2016,5475,Higgins, Rashard,WR,cle,a,pit,0,4500
17,2016,3860,Tate, Brandon,WR,buf,a,nyj,0,4500
17,2016,5351,Janis, Jeff,WR,gnb,a,det,0,4500
17,2016,5363,Burse, Isaiah,WR,sdg,h,kan,0,4500
17,2016,3731,Douglas, Harry,WR,ten,h,hou,0,4500
17,2016,5177,Holmes, Andre,WR,oak,a,den,0,4500
17,2016,5496,Lewis, Tommylee,WR,nor,a,atl,0,4500
17,2016,3891,Bryant, Dez,WR,dal,a,phi,0,7500
17,2016,3978,Roberts, Andre,WR,det,h,gnb,0,4500
17,2016,3760,Slater, Matthew,WR,nwe,a,mia,0,4500
17,2016,5513,Treggs, Bryce,WR,phi,h,dal,0,4500
17,2016,5364,Street, Devin,WR,ind,h,jac,0,4500
17,2016,5498,Davis, Trevor,WR,gnb,a,det,0,4500
17,2016,5130,Harris, Dwayne,WR,nyg,a,was,0,4500
17,2016,5378,Agholor, Nelson,WR,phi,h,dal,-0.1,4700
17,2016,5491,Holton, Johnny,WR,oak,a,den,-2,4500
17,2016,4569,Ertz, Zach,TE,phi,h,dal,32.4,5900
17,2016,4537,Rudolph, Kyle,TE,min,h,chi,23.2,5900
17,2016,4516,Pitta, Dennis,TE,bal,a,cin,14.6,4700
17,2016,4270,Gates, Antonio,TE,sdg,h,kan,14,5800
17,2016,4401,Barnidge, Gary,TE,cle,a,pit,12.5,4500
17,2016,4675,Henry, Hunter,TE,sdg,h,kan,12.3,5300
17,2016,4551,Allen, Dwayne,TE,ind,h,jac,10.9,5100
17,2016,4407,Bennett, Martellus,TE,nwe,a,mia,10.8,5800
17,2016,4573,Reed, Jordan,TE,was,h,nyg,10.5,7000
17,2016,4609,Fells, Darren,TE,ari,a,lar,10.2,4500
17,2016,4578,Willson, Luke,TE,sea,a,sfo,10.1,4500
17,2016,4689,Koyack, Ben,TE,jac,a,ind,10,4500
17,2016,4542,Green, Virgil,TE,den,h,oak,9.2,4500
17,2016,4601,Ebron, Eric,TE,det,h,gnb,9.1,5800
17,2016,4656,Uzomah, C.J.,TE,cin,h,bal,8.8,4500
17,2016,4492,Graham, Jimmy,TE,sea,a,sfo,8.4,6400
17,2016,4640,Fiedorowicz, C.J.,TE,hou,a,ten,8.2,4800
17,2016,4594,Doyle, Jack,TE,ind,h,jac,8,4600
17,2016,4690,DeValve, Seth,TE,cle,a,pit,7.7,4500
17,2016,4437,Cook, Jared,TE,gnb,a,det,7.6,4800
17,2016,4564,Celek, Garrett,TE,sfo,h,sea,7.4,4700
17,2016,4670,Tye, Will,TE,nyg,a,was,6.7,4600
17,2016,4618,Burton, Trey,TE,phi,h,dal,6.4,4500
17,2016,4360,Walker, Delanie,TE,ten,h,hou,6,6200
17,2016,4323,Davis, Vernon,TE,was,h,nyg,5.9,4800
17,2016,4552,Fleener, Coby,TE,nor,a,atl,5.3,4800
17,2016,4368,Olsen, Greg,TE,car,a,tam,3.7,6900
17,2016,4543,Clay, Charles,TE,buf,a,nyj,3.5,5600
17,2016,4676,Heuerman, Jeff,TE,den,h,oak,3.1,4500
17,2016,5436,Brown, Daniel,TE,chi,a,min,2.8,4500
17,2016,4626,Swoope, Erik,TE,ind,h,jac,2.7,4500
17,2016,4653,James, Jesse,TE,pit,h,cle,2.6,4500
17,2016,4590,Williams, Brandon,TE,sea,a,sfo,2.5,4500
17,2016,4577,Toilolo, Levine,TE,atl,h,nor,2.3,4700
17,2016,4651,Walford, Clive,TE,oak,a,den,2.2,4500
17,2016,4538,Kendricks, Lance,TE,lar,h,ari,2.2,4600
17,2016,4592,Griffin, Ryan,TE,hou,a,ten,2,4500
17,2016,4629,Rodgers, Richard,TE,gnb,a,det,1.9,4600
17,2016,4574,Rivera, Mychal,TE,oak,a,den,1.9,4500
17,2016,4262,Witten, Jason,TE,dal,a,phi,1.5,4800
17,2016,4363,Celek, Brent,TE,phi,h,dal,1.4,4600
17,2016,4582,Kelce, Travis,TE,kan,a,sdg,1.3,6800
17,2016,4570,Escobar, Gavin,TE,dal,a,phi,1.2,4500
17,2016,4593,Bostick, Brandon,TE,nyj,h,buf,1.2,4500
17,2016,4669,Pruitt, MyCole,TE,chi,a,min,1.1,4500
17,2016,4696,Lengel, Matt,TE,nwe,a,mia,0.9,4500
17,2016,4532,Stocker, Luke,TE,tam,h,car,0.6,4500
17,2016,5517,Vitale, Danny,TE,cle,a,pit,0.4,4500
17,2016,4585,Donnell, Larry,TE,nyg,a,was,0,4500
17,2016,4680,Higbee, Tyler,TE,lar,h,ari,0,4500
17,2016,4576,Sims, Dion,TE,mia,h,nwe,0,5100
17,2016,4513,Paulsen, Logan,TE,chi,a,min,0,4500
17,2016,4588,McGrath, Sean,TE,sdg,h,kan,0,4500
17,2016,4697,Manhertz, Chris,TE,car,a,tam,0,4500
17,2016,4431,Mulligan, Matthew,TE,det,h,gnb,0,4500
17,2016,4554,Ellison, Rhett,TE,min,h,chi,0,4500
17,2016,4664,O'Shaughnessy, James,TE,kan,a,sdg,0,4500
17,2016,4637,Supernaw, Phillip,TE,ten,h,hou,0,4500
17,2016,4661,O'Leary, Nick,TE,buf,a,nyj,0,4500
17,2016,4599,Carrier, Derek,TE,was,h,nyg,0,4500
17,2016,4433,Phillips, John,TE,nor,a,atl,0,4500
17,2016,4642,Harris, Demetrius,TE,kan,a,sdg,0,4500
17,2016,4457,Myers, Brandon,TE,tam,h,car,0,4500
17,2016,4327,Fasano, Anthony,TE,ten,h,hou,0,4500
17,2016,4493,Gresham, Jermaine,TE,ari,a,lar,0,4500
17,2016,4482,Dickson, Ed,TE,car,a,tam,0,4500
17,2016,4685,Telfer, Randall,TE,cle,a,pit,0,4500
17,2016,5419,Waller, Darren,TE,bal,a,cin,0,4500
17,2016,4682,Cross, Alan,TE,tam,h,car,0,4500
17,2016,4679,Anderson, Stephen,TE,hou,a,ten,0,4500
17,2016,4698,Krieger-Coble, Henry,TE,den,h,oak,0,4500
17,2016,4691,Braunecker, Ben,TE,chi,a,min,0,4500
17,2016,4694,Morgan, David,TE,min,h,chi,0,4500
17,2016,4595,Gray, Marqueis,TE,mia,h,nwe,0,4500
17,2016,4484,Dray, Jim,TE,sfo,h,sea,0,4500
17,2016,4450,Johnson, David,TE,pit,h,cle,0,4500
17,2016,4495,Harbor, Clay,TE,det,h,gnb,0,4500
17,2016,6229,Catanzaro, Chandler,PK,ari,a,lar,15,4500
17,2016,6224,Santos, Cairo,PK,kan,a,sdg,13,4600
17,2016,6167,Hauschka, Steven,PK,sea,a,sfo,13,4700
17,2016,6120,Folk, Nick,PK,nyj,h,buf,12,4500
17,2016,6236,Myers, Jason,PK,jac,a,ind,10,4700
17,2016,6098,Gostkowski, Stephen,PK,nwe,a,mia,10,4700
17,2016,6233,Lambo, Josh,PK,sdg,h,kan,9,4500
17,2016,6239,Lutz, Wil,PK,nor,a,atl,9,4800
17,2016,6211,Sturgis, Caleb,PK,phi,h,dal,9,4500
17,2016,6203,Bullock, Randy,PK,cin,h,bal,9,4500
17,2016,6194,Bailey, Dan,PK,dal,a,phi,8,4800
17,2016,6208,Forbath, Kai,PK,min,h,chi,8,4500
17,2016,6071,Bryant, Matt,PK,atl,h,nor,8,5300
17,2016,6096,Gould, Robbie,PK,nyg,a,was,8,4500
17,2016,6159,Prater, Matt,PK,det,h,gnb,8,5000
17,2016,6037,Vinatieri, Adam,PK,ind,h,jac,7,5200
17,2016,6104,Crosby, Mason,PK,gnb,a,det,7,4700
17,2016,6227,McManus, Brandon,PK,den,h,oak,6,4600
17,2016,6169,Succop, Ryan,PK,ten,h,hou,6,4500
17,2016,6172,Gano, Graham,PK,car,a,tam,6,4800
17,2016,6230,Parkey, Cody,PK,cle,a,pit,6,4500
17,2016,6205,Zuerlein, Greg,PK,lar,h,ari,6,4500
17,2016,6095,Novak, Nick,PK,hou,a,ten,5,4700
17,2016,6238,Aguayo, Roberto,PK,tam,h,car,5,4500
17,2016,6166,Barth, Connor,PK,chi,a,min,4,4600
17,2016,6163,Carpenter, Dan,PK,buf,a,nyj,4,4700
17,2016,6209,Hopkins, Dustin,PK,was,h,nyg,4,4800
17,2016,6206,Tucker, Justin,PK,bal,a,cin,4,5200
17,2016,6016,Dawson, Phil,PK,sfo,h,sea,3,4500
17,2016,6225,Boswell, Chris,PK,pit,h,cle,3,4700
17,2016,6237,Franks, Andrew,PK,mia,h,nwe,2,4600
17,2016,6048,Janikowski, Sebastian,PK,oak,a,den,0,5000
17,2016,7001,Arizona Defense,Def,ari,a,lar,26,4700
17,2016,7017,Minnesota Defense,Def,min,h,chi,22,4600
17,2016,7020,New York G Defense,Def,nyg,a,was,20,4500
17,2016,7021,New York J Defense,Def,nyj,h,buf,19,4100
17,2016,7029,Tampa Bay Defense,Def,tam,h,car,16,4500
17,2016,7010,Denver Defense,Def,den,h,oak,15,4800
17,2016,7023,Philadelphia Defense,Def,phi,h,dal,13,4300
17,2016,7005,Carolina Defense,Def,car,a,tam,13,4200
17,2016,7030,Tennessee Defense,Def,ten,h,hou,13,4600
17,2016,7024,Pittsburgh Defense,Def,pit,h,cle,12,5100
17,2016,7007,Cincinnati Defense,Def,cin,h,bal,11,4400
17,2016,7014,Jacksonville Defense,Def,jac,a,ind,10,4100
17,2016,7015,Kansas City Defense,Def,kan,a,sdg,10,4900
17,2016,7028,Seattle Defense,Def,sea,a,sfo,9,5200
17,2016,7026,San Diego Defense,Def,sdg,h,kan,8,4200
17,2016,7032,Houston Defense,Def,hou,a,ten,7,4600
17,2016,7013,Indianapolis Defense,Def,ind,h,jac,7,4200
17,2016,7008,Cleveland Defense,Def,cle,a,pit,6,4000
17,2016,7027,San Francisco Defense,Def,sfo,h,sea,6,4000
17,2016,7031,Washington Defense,Def,was,h,nyg,5,4600
17,2016,7018,New England Defense,Def,nwe,a,mia,5,4600
17,2016,7012,Green Bay Defense,Def,gnb,a,det,4,4500
17,2016,7002,Atlanta Defense,Def,atl,h,nor,3,4200
17,2016,7025,Los Angeles Defense,Def,lar,h,ari,3,4400
17,2016,7022,Oakland Defense,Def,oak,a,den,2,4400
17,2016,7009,Dallas Defense,Def,dal,a,phi,2,4500
17,2016,7004,Buffalo Defense,Def,buf,a,nyj,1,4800
17,2016,7006,Chicago Defense,Def,chi,a,min,1,4300
17,2016,7003,Baltimore Defense,Def,bal,a,cin,1,4500
17,2016,7011,Detroit Defense,Def,det,h,gnb,0,4200
17,2016,7019,New Orleans Defense,Def,nor,a,atl,-3,4000
17,2016,7016,Miami Defense,Def,mia,h,nwe,-4,4300
