Name,Team,Pos,Wk,Opp,Year,Status,TeamScore,OppScore,PassYds,PassingTD,Int,PassingAtt,Cmp,RushingAtt,RushingYds,RushingTD,Rec,Tgs,ReceivingYds,ReceivingTD,FL
Aaron Jones,GB,RB,2,DET,2020,0,42,21,0,0,0,0,0,18,168,2,4,8,68,1,0
Dak Prescott,DAL,QB,2,ATL,2020,0,40,39,450,1,0,47,34,5,18,3,0,0,0,0,1
Alvin Kamara,NO,RB,2,LV,2020,0,24,34,0,0,0,0,0,13,79,2,9,9,95,0,0
Cam Newton,NE,QB,2,SEA,2020,0,30,35,397,1,0,44,30,11,47,2,0,0,0,0,0
Josh Allen,BUF,QB,2,MIA,2020,0,31,28,415,4,0,35,24,4,19,0,0,0,0,0,0
Russell Wilson,SEA,QB,2,NE,2020,0,35,30,288,5,0,28,21,5,39,0,0,0,0,0,0
Kyler Murray,ARI,QB,2,WAS,2020,0,30,15,286,1,0,38,26,8,67,2,0,0,0,0,0
Calvin Ridley,ATL,WR,2,DAL,2020,Q,39,40,0,0,0,0,0,0,0,0,7,10,109,2,0
Stefon Diggs,BUF,WR,2,MIA,2020,0,31,28,0,0,0,0,0,0,0,0,8,13,153,1,0
Matt Ryan,ATL,QB,2,DAL,2020,0,39,40,273,4,0,36,24,4,16,0,0,0,0,0,0
Darren Waller,LV,TE,2,NO,2020,0,34,24,0,0,0,0,0,0,0,0,12,16,105,1,0
Tyler Higbee,LAR,TE,2,PHI,2020,0,37,19,0,0,0,0,0,0,0,0,5,5,54,3,0
Leonard Fournette,TB,RB,2,CAR,2020,O,31,17,0,0,0,0,0,12,103,2,4,5,13,0,0
Patrick Mahomes,KC,QB,2,LAC,2020,0,23,20,302,2,0,47,27,6,54,0,0,0,0,0,0
Mike Gesicki,MIA,TE,2,BUF,2020,0,28,31,0,0,0,0,0,0,0,0,8,11,130,1,0
Ryan Tannehill,TEN,QB,2,JAX,2020,0,33,30,239,4,0,24,18,4,12,0,0,0,0,0,0
Nick Chubb,CLE,RB,2,CIN,2020,IR,35,30,0,0,0,0,0,22,124,2,1,1,9,0,0
Julian Edelman,NE,WR,2,SEA,2020,Q,30,35,0,0,0,0,0,0,0,0,8,11,179,0,0
Terry McLaurin,WAS,WR,2,ARI,2020,P,15,30,0,0,0,0,0,0,0,0,7,10,125,1,0
Christian McCaffrey,CAR,RB,2,TB,2020,IR,17,31,0,0,0,0,0,18,59,2,4,5,29,0,0
Joe Burrow,CIN,QB,2,CLE,2020,0,30,35,316,3,0,61,37,7,19,0,0,0,0,0,2
Jonnu Smith,TEN,TE,2,JAX,2020,0,33,30,0,0,0,0,0,0,0,0,4,5,84,2,0
Ryan Fitzpatrick,MIA,QB,2,BUF,2020,0,28,31,328,2,0,47,31,3,12,0,0,0,0,0,0
Kareem Hunt,CLE,RB,2,CIN,2020,P,35,30,0,0,0,0,0,10,86,1,2,2,15,1,0
Jordan Reed,SF,TE,2,NYJ,2020,IR,31,13,0,0,0,0,0,0,0,0,7,8,50,2,0
Travis Kelce,KC,TE,2,LAC,2020,0,23,20,0,0,0,0,0,0,0,0,9,14,90,1,0
Jared Goff,LAR,QB,2,PHI,2020,0,37,19,267,3,0,27,20,7,13,0,0,0,0,0,0
Gardner Minshew II,JAX,QB,2,TEN,2020,0,30,33,339,3,0,45,30,4,19,0,0,0,0,0,1
Mike Evans,TB,WR,2,CAR,2020,0,31,17,0,0,0,0,0,0,0,0,7,10,104,1,0
Diontae Johnson,PIT,WR,2,DEN,2020,Q,26,21,0,0,0,0,0,0,0,0,8,13,92,1,0
Justin Herbert,LAC,QB,2,KC,2020,0,20,23,311,1,0,33,22,4,18,1,0,0,0,0,0
Ezekiel Elliott,DAL,RB,2,ATL,2020,0,40,39,0,0,0,0,0,22,89,1,6,7,33,0,2
Tyreek Hill,KC,WR,2,LAC,2020,0,23,20,0,0,0,0,0,1,9,0,5,11,99,1,0
Dalton Schultz,DAL,TE,2,ATL,2020,0,40,39,0,0,0,0,0,0,0,0,9,10,88,1,1
David Montgomery,CHI,RB,2,NYG,2020,0,17,13,0,0,0,0,0,16,82,0,3,3,45,1,0
Derek Carr,LV,QB,2,NO,2020,0,34,24,284,3,0,38,28,3,3,0,0,0,0,0,2
James Robinson,JAX,RB,2,TEN,2020,0,30,33,0,0,0,0,0,16,102,1,3,4,18,0,0
DeAndre Hopkins,ARI,WR,2,WAS,2020,P,30,15,0,0,0,0,0,0,0,0,8,9,68,1,0
Quinnen Williams,NYJ,DE,2,SF,2020,0,13,31,0,0,0,0,0,0,0,0,0,0,0,0,0
Tyler Boyd,CIN,WR,2,CLE,2020,0,30,35,0,0,0,0,0,0,0,0,7,8,72,1,0
Darrell Henderson Jr.,LAR,RB,2,PHI,2020,0,37,19,0,0,0,0,0,12,81,1,2,3,40,0,0
James Conner,PIT,RB,2,DEN,2020,0,26,21,0,0,0,0,0,16,106,1,2,2,15,0,0
Miles Sanders,PHI,RB,2,LAR,2020,0,19,37,0,0,0,0,0,20,95,1,3,7,36,0,1
D.J. Moore,CAR,WR,2,TB,2020,0,17,31,0,0,0,0,0,0,0,0,8,13,120,0,0
Chris Carson,SEA,RB,2,NE,2020,P,35,30,0,0,0,0,0,17,72,0,3,3,36,1,0
Tyler Lockett,SEA,WR,2,NE,2020,0,35,30,0,0,0,0,0,0,0,0,7,8,67,1,0
Aaron Rodgers,GB,QB,2,DET,2020,0,42,21,240,2,0,30,18,2,12,0,1,1,-6,0,0
DK Metcalf,SEA,WR,2,NE,2020,0,35,30,0,0,0,0,0,0,0,0,4,6,92,1,0
Jonathan Taylor,IND,RB,2,MIN,2020,0,28,11,0,0,0,0,0,26,101,1,2,2,9,0,0
Mike Hilton,PIT,CB,2,DEN,2020,0,26,21,0,0,0,0,0,0,0,0,0,0,0,0,0
Austin Ekeler,LAC,RB,2,KC,2020,O,20,23,0,0,0,0,0,16,93,0,4,4,55,0,0
Jeff Driskel,DEN,QB,2,PIT,2020,0,21,26,256,2,0,34,18,2,5,0,0,0,0,0,0
Raheem Mostert,SF,RB,2,NYJ,2020,O,31,13,0,0,0,0,0,8,92,1,2,2,15,0,0
Ben Roethlisberger,PIT,QB,2,DEN,2020,0,26,21,311,2,0,41,29,3,-2,0,0,0,0,0,1
John Brown,BUF,WR,2,MIA,2020,0,31,28,0,0,0,0,0,0,0,0,4,6,82,1,0
Hayden Hurst,ATL,TE,2,DAL,2020,0,39,40,0,0,0,0,0,0,0,0,5,8,72,1,0
Braxton Berrios,NYJ,WR,2,SF,2020,0,13,31,0,0,0,0,0,0,0,0,6,8,59,1,0
Robby Anderson,CAR,WR,2,TB,2020,0,17,31,0,0,0,0,0,0,0,0,9,10,109,0,1
Zach Cunningham,HOU,OLB,2,BAL,2020,0,16,33,0,0,0,0,0,0,0,0,0,0,0,0,0
Chase Claypool,PIT,WR,2,DEN,2020,0,26,21,0,0,0,0,0,0,0,0,3,3,88,1,0
Keelan Cole,JAX,WR,2,TEN,2020,0,30,33,0,0,0,0,0,0,0,0,6,7,58,1,0
Noah Fant,DEN,TE,2,PIT,2020,0,21,26,0,0,0,0,0,0,0,0,4,5,57,1,0
Lamar Jackson,BAL,QB,2,HOU,2020,0,33,16,204,1,0,24,18,16,54,0,0,0,0,0,0
CeeDee Lamb,DAL,WR,2,ATL,2020,0,40,39,0,0,0,0,0,1,9,0,6,9,106,0,0
Odell Beckham Jr.,CLE,WR,2,CIN,2020,0,35,30,0,0,0,0,0,0,0,0,4,6,74,1,0
Dalvin Cook,MIN,RB,2,IND,2020,0,11,28,0,0,0,0,0,14,63,1,2,2,8,0,0
Kevin Pierre-Louis,WAS,ILB,2,ARI,2020,P,15,30,0,0,0,0,0,0,0,0,0,0,0,0,0
T.J. Watt,PIT,OLB,2,DEN,2020,0,26,21,0,0,0,0,0,0,0,0,0,0,0,0,0
Kenny Vaccaro,TEN,SS,2,JAX,2020,0,33,30,0,0,0,0,0,0,0,0,0,0,0,0,0
Russell Gage,ATL,WR,2,DAL,2020,0,39,40,0,0,0,1,0,0,0,0,6,9,46,1,0
Keenan Allen,LAC,WR,2,KC,2020,0,20,23,0,0,0,0,0,0,0,0,7,10,96,0,1
Micah Kiser,LAR,ILB,2,PHI,2020,0,37,19,0,0,0,0,0,0,0,0,0,0,0,0,0
Melvin Gordon III,DEN,RB,2,PIT,2020,0,21,26,0,0,0,0,0,19,70,0,2,3,14,1,0
DeVante Parker,MIA,WR,2,BUF,2020,0,28,31,0,0,0,0,0,0,0,0,5,8,53,1,0
Matthew Stafford,DET,QB,2,GB,2020,0,21,42,244,2,0,33,20,1,4,0,0,0,0,0,0
Mo Alie-Cox,IND,TE,2,MIN,2020,0,28,11,0,0,0,0,0,0,0,0,5,6,111,0,0
Devin White,TB,ILB,2,CAR,2020,0,31,17,0,0,0,0,0,0,0,0,0,0,0,0,0
Amari Cooper,DAL,WR,2,ATL,2020,0,40,39,0,0,0,0,0,0,0,0,6,9,100,0,0
Adam Humphries,TEN,WR,2,JAX,2020,0,33,30,0,0,0,0,0,0,0,0,5,6,48,1,0
Mark Ingram II,BAL,RB,2,HOU,2020,0,33,16,0,0,0,0,0,9,55,1,2,3,22,0,0
Dion Lewis,NYG,RB,2,CHI,2020,0,13,17,0,0,0,0,0,10,20,1,4,5,36,0,0
Antoine Winfield Jr.,TB,S,2,CAR,2020,0,31,17,0,0,0,0,0,0,0,0,0,0,0,0,0
Mike Davis,CAR,RB,2,TB,2020,0,17,31,0,0,0,0,0,1,1,0,8,8,74,0,0
Baker Mayfield,CLE,QB,2,CIN,2020,0,35,30,219,2,0,23,16,3,5,0,0,0,0,0,0
N'Keal Harry,NE,WR,2,SEA,2020,0,30,35,0,0,0,0,0,0,0,0,8,12,72,0,0
Younghoe Koo,ATL,K,2,DAL,2020,O,39,40,0,0,0,0,0,0,0,0,0,0,0,0,0
Justin Tucker,BAL,K,2,HOU,2020,0,33,16,0,0,0,0,0,0,0,0,0,0,0,0,0
Indianapolis Colts,IND,DST,2,MIN,2020,0,28,11,0,0,3,0,0,0,0,0,0,0,0,0,0
Baltimore Ravens,BAL,DST,2,HOU,2020,0,33,16,0,0,1,0,0,0,0,0,0,0,0,0,0
Deshaun Watson,HOU,QB,2,BAL,2020,0,16,33,275,1,0,36,25,5,17,0,0,0,0,0,0
Isaiah Ford,MIA,WR,2,BUF,2020,0,28,31,0,0,0,0,0,0,0,0,7,9,76,0,0
Brandin Cooks,HOU,WR,2,BAL,2020,0,16,33,0,0,0,0,0,0,0,0,5,8,95,0,0
Drew Brees,NO,QB,2,LV,2020,0,24,34,312,1,0,38,26,0,0,0,0,0,0,0,0
Hunter Henry,LAC,TE,2,KC,2020,0,20,23,0,0,0,0,0,0,0,0,6,8,83,0,0
C.J. Uzomah,CIN,TE,2,CLE,2020,IR,30,35,0,0,0,0,0,0,0,0,4,6,42,1,0
Myles Gaskin,MIA,RB,2,BUF,2020,0,28,31,0,0,0,0,0,7,46,0,6,7,36,0,0
Lavonte David,TB,ILB,2,CAR,2020,0,31,17,0,0,0,0,0,0,0,0,0,0,0,0,0
Rodrigo Blankenship,IND,K,2,MIN,2020,0,28,11,0,0,0,0,0,0,0,0,0,0,0,0,0
Tampa Bay Buccaneers,TB,DST,2,CAR,2020,0,31,17,0,0,2,0,0,0,0,0,0,0,0,0,0
Ndamukong Suh,TB,NT,2,CAR,2020,0,31,17,0,0,0,0,0,0,0,0,0,0,0,0,0
David Moore,SEA,WR,2,NE,2020,0,35,30,0,0,0,0,0,0,0,0,3,3,48,1,0
Jerick McKinnon,SF,RB,2,NYJ,2020,0,31,13,0,0,0,0,0,3,77,1,0,1,0,0,0
Tre'Quan Smith,NO,WR,2,LV,2020,0,24,34,0,0,0,0,0,0,0,0,5,7,86,0,0
Jaylon Smith,DAL,ILB,2,ATL,2020,0,40,39,0,0,0,0,0,0,0,0,0,0,0,0,0
Justin Simmons,DEN,FS,2,PIT,2020,0,21,26,0,0,1,0,0,0,0,0,0,0,0,0,0
Josh Jacobs,LV,RB,2,NO,2020,0,34,24,0,0,0,0,0,27,88,0,3,3,17,0,0
Chris Hogan,NYJ,WR,2,SF,2020,P,13,31,0,0,0,0,0,0,0,0,6,8,75,0,0
DeForest Buckner,IND,DT,2,MIN,2020,0,28,11,0,0,0,0,0,0,0,0,0,0,0,0,0
Joshua Kelley,LAC,RB,2,KC,2020,0,20,23,0,0,0,0,0,23,64,0,2,2,49,0,0
Jimmy Garoppolo,SF,QB,2,NYJ,2020,O,31,13,131,2,0,16,14,0,0,0,0,0,0,0,0
Mitchell Trubisky,CHI,QB,2,NYG,2020,0,17,13,190,2,0,28,18,4,16,0,0,0,0,0,0
Damiere Byrd,NE,WR,2,SEA,2020,0,30,35,0,0,0,0,0,0,0,0,6,9,72,0,0
Myles Garrett,CLE,DE,2,CIN,2020,0,35,30,0,0,0,0,0,0,0,0,0,0,0,0,0
Mike Thomas,CIN,WR,2,CLE,2020,0,30,35,0,0,0,0,0,0,0,0,4,4,31,1,0
Harrison Butker,KC,K,2,LAC,2020,0,23,20,0,0,0,0,0,0,0,0,0,0,0,0,0
J.J. Watt,HOU,DE,2,BAL,2020,0,16,33,0,0,0,0,0,0,0,0,0,0,0,0,0
De'Vondre Campbell,ARI,OLB,2,WAS,2020,0,30,15,0,0,0,0,0,0,0,0,0,0,0,0,0
Pittsburgh Steelers,PIT,DST,2,DEN,2020,0,26,21,0,0,1,0,0,0,0,0,0,0,0,0,0
Cooper Kupp,LAR,WR,2,PHI,2020,0,37,19,0,0,0,0,0,2,19,0,5,6,81,0,1
Clyde Edwards-Helaire,KC,RB,2,LAC,2020,0,23,20,0,0,0,0,0,10,38,0,6,8,32,0,0
Tyler Eifert,JAX,TE,2,TEN,2020,0,30,33,0,0,0,0,0,0,0,0,3,6,36,1,0
Corey Davis,TEN,WR,2,JAX,2020,0,33,30,0,0,0,0,0,0,0,0,3,5,36,1,0
Darnell Mooney,CHI,WR,2,NYG,2020,0,17,13,0,0,0,0,0,0,0,0,3,3,36,1,1
Joe Mixon,CIN,RB,2,CLE,2020,P,30,35,0,0,0,0,0,16,46,0,4,4,40,0,0
Jamal Adams,SEA,SS,2,NE,2020,O,35,30,0,0,0,0,0,0,0,0,0,0,0,0,0
Eric Kendricks,MIN,ILB,2,IND,2020,0,11,28,0,0,0,0,0,0,0,0,0,0,0,0,0
Evan Engram,NYG,TE,2,CHI,2020,0,13,17,0,0,0,0,0,0,0,0,6,8,65,0,0
Jordan Akins,HOU,TE,2,BAL,2020,0,16,33,0,0,0,0,0,0,0,0,7,7,55,0,0
DJ Chark Jr.,JAX,WR,2,TEN,2020,0,30,33,0,0,0,0,0,0,0,0,4,4,84,0,0
DeSean Jackson,PHI,WR,2,LAR,2020,O,19,37,0,0,0,0,0,0,0,0,6,9,64,0,0
Carson Wentz,PHI,QB,2,LAR,2020,0,19,37,242,0,0,43,26,2,7,1,0,0,0,0,0
Marvin Jones Jr.,DET,WR,2,GB,2020,0,21,42,0,0,0,0,0,0,0,0,4,6,23,1,0
Antonio Gibson,WAS,RB,2,ARI,2020,0,15,30,0,0,0,0,0,13,55,1,1,2,-3,0,0
D'Andre Swift,DET,RB,2,GB,2020,0,21,42,0,0,0,0,0,5,12,0,5,5,60,0,0
Yannick Ngakoue,MIN,DE,2,IND,2020,0,11,28,0,0,0,0,0,0,0,0,0,0,0,0,0
Marlon Humphrey,BAL,CB,2,HOU,2020,0,33,16,0,0,0,0,0,0,0,0,0,0,0,0,0
Randy Bullock,CIN,K,2,CLE,2020,0,30,35,0,0,0,0,0,0,0,0,0,0,0,0,0
Tyson Alualu,PIT,DE,2,DEN,2020,0,26,21,0,0,0,0,0,0,0,0,0,0,0,0,0
Zane Gonzalez,ARI,K,2,WAS,2020,0,30,15,0,0,0,0,0,0,0,0,0,0,0,0,0
Chandon Sullivan,GB,CB,2,DET,2020,0,42,21,0,0,1,0,0,0,0,0,0,0,0,0,0
Daniel Carlson,LV,K,2,NO,2020,0,34,24,0,0,0,0,0,0,0,0,0,0,0,0,0
Landon Collins,WAS,SS,2,ARI,2020,0,15,30,0,0,1,0,0,0,0,0,0,0,0,0,0
Chicago Bears,CHI,DST,2,NYG,2020,0,17,13,0,0,1,0,0,0,0,0,0,0,0,0,0
Green Bay Packers,GB,DST,2,DET,2020,0,42,21,0,0,1,0,0,0,0,0,0,0,0,0,0
Cole Beasley,BUF,WR,2,MIA,2020,0,31,28,0,0,0,0,0,0,0,0,5,6,70,0,0
Larry Fitzgerald,ARI,WR,2,WAS,2020,0,30,15,0,0,0,0,0,0,0,0,7,7,50,0,0
Sam Darnold,NYJ,QB,2,SF,2020,Q,13,31,179,1,0,32,21,2,7,0,0,0,0,0,0
Malcolm Jenkins,NO,SS,2,LV,2020,0,24,34,0,0,0,0,0,0,0,0,0,0,0,0,0
JuJu Smith-Schuster,PIT,WR,2,DEN,2020,0,26,21,0,0,0,0,0,0,0,0,7,8,48,0,0
Dwayne Haskins Jr.,WAS,QB,2,ARI,2020,0,15,30,223,1,0,33,19,1,8,0,0,0,0,0,1
Chris Thompson,JAX,RB,2,TEN,2020,0,30,33,0,0,0,0,0,2,7,0,3,4,20,1,0
Malcolm Butler,TEN,CB,2,JAX,2020,0,33,30,0,0,0,0,0,0,0,0,0,0,0,0,0
Eric Wilson,MIN,OLB,2,IND,2020,0,11,28,0,0,1,0,0,0,0,0,0,0,0,0,0
Troy Hill,LAR,CB,2,PHI,2020,0,37,19,0,0,1,0,0,0,0,0,0,0,0,0,0
Kenyan Drake,ARI,RB,2,WAS,2020,0,30,15,0,0,0,0,0,20,86,0,2,2,9,0,0
Drew Sample,CIN,TE,2,CLE,2020,0,30,35,0,0,0,0,0,0,0,0,7,9,45,0,0
Bud Dupree,PIT,OLB,2,DEN,2020,0,26,21,0,0,0,0,0,0,0,0,0,0,0,0,0
Robert Woods,LAR,WR,2,PHI,2020,0,37,19,0,0,0,0,0,3,19,1,2,5,14,0,0
Deion Jones,ATL,ILB,2,DAL,2020,0,39,40,0,0,0,0,0,0,0,0,0,0,0,0,0
Jon Bostic,WAS,ILB,2,ARI,2020,0,15,30,0,0,0,0,0,0,0,0,0,0,0,0,0
Blake Martinez,NYG,ILB,2,CHI,2020,0,13,17,0,0,0,0,0,0,0,0,0,0,0,0,0
Jason Pierre-Paul,TB,OLB,2,CAR,2020,0,31,17,0,0,0,0,0,0,0,0,0,0,0,0,0
Nicholas Morrow,LV,OLB,2,NO,2020,0,34,24,0,0,1,0,0,0,0,0,0,0,0,0,0
Joe Thomas,DAL,OLB,2,ATL,2020,0,40,39,0,0,0,0,0,0,0,0,0,0,0,0,0
Stephen Gostkowski,TEN,K,2,JAX,2020,0,33,30,0,0,0,0,0,0,0,0,0,0,0,0,0
Quinton Dunbar,SEA,CB,2,NE,2020,O,35,30,0,0,1,0,0,0,0,0,0,0,0,0,0
Devin McCourty,NE,SS,2,SEA,2020,0,30,35,0,0,1,0,0,0,0,0,0,0,0,0,0
L.J. Fort,BAL,OLB,2,HOU,2020,P,33,16,0,0,0,0,0,0,0,0,0,0,0,0,0
Calais Campbell,BAL,DE,2,HOU,2020,0,33,16,0,0,0,0,0,0,0,0,0,0,0,0,0
Sheldon Richardson,CLE,DT,2,CIN,2020,0,35,30,0,0,0,0,0,0,0,0,0,0,0,0,0
Jordan Poyer,BUF,SS,2,MIA,2020,0,31,28,0,0,0,0,0,0,0,0,0,0,0,0,0
Zach Pascal,IND,WR,2,MIN,2020,0,28,11,0,0,0,0,0,0,0,0,3,4,19,1,0
Randall Cobb,HOU,WR,2,BAL,2020,0,16,33,0,0,0,0,0,0,0,0,5,6,59,0,0
Philip Rivers,IND,QB,2,MIN,2020,0,28,11,214,1,0,25,19,4,3,0,0,0,0,0,1
Rashan Gary,GB,OLB,2,DET,2020,Q,42,21,0,0,0,0,0,0,0,0,0,0,0,0,0
Ronald Jones II,TB,RB,2,CAR,2020,0,31,17,0,0,0,0,0,7,23,1,2,2,4,0,0
Kendrick Bourne,SF,WR,2,NYJ,2020,0,31,13,0,0,0,0,0,0,0,0,4,5,67,0,0
Jamie Collins Sr.,DET,LB,2,GB,2020,0,21,42,0,0,0,0,0,0,0,0,0,0,0,0,0
Christian Kirksey,GB,OLB,2,DET,2020,IR,42,21,0,0,0,0,0,0,0,0,0,0,0,0,0
Fred Warner,SF,ILB,2,NYJ,2020,0,31,13,0,0,0,0,0,0,0,0,0,0,0,0,0
Trey Hendrickson,NO,DE,2,LV,2020,0,24,34,0,0,0,0,0,0,0,0,0,0,0,0,0
Damien Wilson,KC,LB,2,LAC,2020,0,23,20,0,0,0,0,0,0,0,0,0,0,0,0,0
L'Jarius Sneed,KC,DB,2,LAC,2020,IR,23,20,0,0,1,0,0,0,0,0,0,0,0,0,0
Robert Tonyan,GB,TE,2,DET,2020,0,42,21,0,0,0,0,0,0,0,0,2,3,25,1,0
Khalil Mack,CHI,OLB,2,NYG,2020,P,17,13,0,0,0,0,0,0,0,0,0,0,0,0,0
Darren Fells,HOU,TE,2,BAL,2020,0,16,33,0,0,0,0,0,0,0,0,2,4,23,1,0
Laviska Shenault Jr.,JAX,WR,2,TEN,2020,0,30,33,0,0,0,0,0,5,37,0,3,4,35,0,0
T.J. Hockenson,DET,TE,2,GB,2020,0,21,42,0,0,0,0,0,0,0,0,4,4,62,0,0
Jerry Jeudy,DEN,WR,2,PIT,2020,0,21,26,0,0,0,0,0,0,0,0,4,7,62,0,0
Mason Crosby,GB,K,2,DET,2020,0,42,21,0,0,0,0,0,0,0,0,0,0,0,0,0
John Johnson III,LAR,SS,2,PHI,2020,0,37,19,0,0,0,0,0,0,0,0,0,0,0,0,0
Tyrel Dodson,BUF,OLB,2,MIA,2020,0,31,28,0,0,0,0,0,0,0,0,0,0,0,0,0
Greg Zuerlein,DAL,K,2,ATL,2020,0,40,39,0,0,0,0,0,0,0,0,0,0,0,0,0
Holton Hill,MIN,CB,2,IND,2020,0,11,28,0,0,0,0,0,0,0,0,0,0,0,0,0
Jason Sanders,MIA,K,2,BUF,2020,0,28,31,0,0,0,0,0,0,0,0,0,0,0,0,0
James Bradberry,NYG,CB,2,CHI,2020,0,13,17,0,0,1,0,0,0,0,0,0,0,0,0,0
Jordan Hicks,ARI,ILB,2,WAS,2020,0,30,15,0,0,0,0,0,0,0,0,0,0,0,0,0
Ka'imi Fairbairn,HOU,K,2,BAL,2020,0,16,33,0,0,0,0,0,0,0,0,0,0,0,0,0
Justin Reid,HOU,FS,2,BAL,2020,0,16,33,0,0,0,0,0,0,0,0,0,0,0,0,0
Jordan Whitehead,TB,SS,2,CAR,2020,0,31,17,0,0,1,0,0,0,0,0,0,0,0,0,0
Golden Tate,NYG,WR,2,CHI,2020,0,13,17,0,0,0,0,0,0,0,0,5,5,47,0,0
Kyler Fackrell,NYG,OLB,2,CHI,2020,0,13,17,0,0,0,0,0,0,0,0,0,0,0,0,0
Arik Armstead,SF,DE,2,NYJ,2020,0,31,13,0,0,0,0,0,0,0,0,0,0,0,0,0
Devin Singletary,BUF,RB,2,MIA,2020,0,31,28,0,0,0,0,0,10,56,0,2,3,20,0,0
Courtland Sutton,DEN,WR,2,PIT,2020,IR,21,26,0,0,0,0,0,0,0,0,3,6,66,0,0
Vince Williams,PIT,ILB,2,DEN,2020,0,26,21,0,0,0,0,0,0,0,0,0,0,0,0,0
Robert Quinn,CHI,OLB,2,NYG,2020,0,17,13,0,0,0,0,0,0,0,0,0,0,0,0,0
Julian Love,NYG,FS,2,CHI,2020,P,13,17,0,0,1,0,0,0,0,0,0,0,0,0,0
Za'Darius Smith,GB,OLB,2,DET,2020,Q,42,21,0,0,0,0,0,0,0,0,0,0,0,0,0
David Onyemata,NO,NT,2,LV,2020,0,24,34,0,0,0,0,0,0,0,0,0,0,0,0,0
Levi Wallace,BUF,CB,2,MIA,2020,0,31,28,0,0,0,0,0,0,0,0,0,0,0,0,0
Logan Ryan,NYG,CB,2,CHI,2020,0,13,17,0,0,0,0,0,0,0,0,0,0,0,0,0
Kenny Moore II,IND,CB,2,MIN,2020,0,28,11,0,0,1,0,0,0,0,0,0,0,0,0,0
Harold Landry III,TEN,OLB,2,JAX,2020,0,33,30,0,0,1,0,0,0,0,0,0,0,0,0,0
Myles Jack,JAX,OLB,2,TEN,2020,0,30,33,0,0,0,0,0,0,0,0,0,0,0,0,0
DeShon Elliott,BAL,FS,2,HOU,2020,0,33,16,0,0,0,0,0,0,0,0,0,0,0,0,0
Marvin Hall,DET,WR,2,GB,2020,0,21,42,0,0,0,0,0,0,0,0,1,2,24,1,0
Marquez Valdes-Scantling,GB,WR,2,DET,2020,0,42,21,0,0,0,0,0,0,0,0,3,7,64,0,0
Joey Bosa,LAC,DE,2,KC,2020,0,20,23,0,0,0,0,0,0,0,0,0,0,0,0,0
Jared Cook,NO,TE,2,LV,2020,O,24,34,0,0,0,0,0,0,0,0,2,5,13,1,0
Kerryon Johnson,DET,RB,2,GB,2020,0,21,42,0,0,0,0,0,8,32,1,0,1,0,0,0
Zach Ertz,PHI,TE,2,LAR,2020,0,19,37,0,0,0,0,0,0,0,0,5,7,42,0,0
Marquise Brown,BAL,WR,2,HOU,2020,0,33,16,0,0,0,0,0,0,0,0,5,6,42,0,0
Terrell Edmunds,PIT,SS,2,DEN,2020,0,26,21,0,0,0,0,0,0,0,0,0,0,0,0,0
Everson Griffen,DAL,DE,2,ATL,2020,0,40,39,0,0,0,0,0,0,0,0,0,0,0,0,0
Chase Young,WAS,DE,2,ARI,2020,O,15,30,0,0,0,0,0,0,0,0,0,0,0,0,0
Freddie Swain,SEA,WR,2,NE,2020,0,35,30,0,0,0,0,0,0,0,0,1,1,21,1,0
P.J. Williams,NO,CB,2,LV,2020,0,24,34,0,0,0,0,0,0,0,0,0,0,0,0,0
T.J. Edwards,PHI,ILB,2,LAR,2020,0,19,37,0,0,0,0,0,0,0,0,0,0,0,0,0
Ugo Amadi,SEA,FS,2,NE,2020,0,35,30,0,0,0,0,0,0,0,0,0,0,0,0,0
Ed Oliver,BUF,DT,2,MIA,2020,0,31,28,0,0,0,0,0,0,0,0,0,0,0,0,0
Tavierre Thomas,CLE,CB,2,CIN,2020,0,35,30,0,0,0,0,0,0,0,0,0,0,0,0,0
Nik Needham,MIA,CB,2,BUF,2020,0,28,31,0,0,0,0,0,0,0,0,0,0,0,0,0
Jordan Jenkins,NYJ,OLB,2,SF,2020,P,13,31,0,0,0,0,0,0,0,0,0,0,0,0,0
Kerry Hyder Jr.,SF,DE,2,NYJ,2020,0,31,13,0,0,0,0,0,0,0,0,0,0,0,0,0
Kenneth Murray Jr.,LAC,LB,2,KC,2020,0,20,23,0,0,0,0,0,0,0,0,0,0,0,0,0
Patrick Queen,BAL,LB,2,HOU,2020,0,33,16,0,0,0,0,0,0,0,0,0,0,0,0,0
Carlton Davis,TB,CB,2,CAR,2020,0,31,17,0,0,1,0,0,0,0,0,0,0,0,0,0
New York Giants,NYG,DST,2,CHI,2020,0,13,17,0,0,2,0,0,0,0,0,0,0,0,0,0
Arizona Cardinals,ARI,DST,2,WAS,2020,0,30,15,0,0,0,0,0,0,0,0,0,0,0,0,0
Tyus Bowser,BAL,OLB,2,HOU,2020,0,33,16,0,0,0,0,0,0,0,0,0,0,0,0,0
Cameron Heyward,PIT,DT,2,DEN,2020,0,26,21,0,0,0,0,0,0,0,0,0,0,0,0,0
Rex Burkhead,NE,RB,2,SEA,2020,0,30,35,0,0,0,0,0,6,2,0,4,6,47,0,0
Chris Conley,JAX,WR,2,TEN,2020,0,30,33,0,0,0,0,0,0,0,0,4,7,48,0,0
Andy Isabella,ARI,WR,2,WAS,2020,0,30,15,0,0,0,0,0,0,0,0,2,3,67,0,0
K.J. Hamler,DEN,WR,2,PIT,2020,0,21,26,0,0,0,0,0,1,9,0,3,7,48,0,0
Tom Brady,TB,QB,2,CAR,2020,0,31,17,217,1,0,35,23,1,0,0,0,0,0,0,1
Teddy Bridgewater,CAR,QB,2,TB,2020,0,17,31,367,0,0,42,33,0,0,0,0,0,0,0,1
Jordan Phillips,ARI,NT,2,WAS,2020,0,30,15,0,0,0,0,0,0,0,0,0,0,0,0,0
Jalen Richard,LV,RB,2,NO,2020,0,34,24,0,0,0,0,0,2,26,1,0,0,0,0,0
Micah Hyde,BUF,FS,2,MIA,2020,0,31,28,0,0,0,0,0,0,0,0,0,0,0,0,0
B.J. Goodson,CLE,ILB,2,CIN,2020,0,35,30,0,0,0,0,0,0,0,0,0,0,0,0,0
Andrew Sendejo,CLE,FS,2,CIN,2020,0,35,30,0,0,0,0,0,0,0,0,0,0,0,0,0
Demario Davis,NO,OLB,2,LV,2020,0,24,34,0,0,0,0,0,0,0,0,0,0,0,0,0
Bobby Wagner,SEA,ILB,2,NE,2020,0,35,30,0,0,0,0,0,0,0,0,0,0,0,0,0
William Jackson III,CIN,CB,2,CLE,2020,0,30,35,0,0,1,0,0,0,0,0,0,0,0,0,0
Devin Bush,PIT,ILB,2,DEN,2020,0,26,21,0,0,0,0,0,0,0,0,0,0,0,0,0
Foyesade Oluokun,ATL,ILB,2,DAL,2020,0,39,40,0,0,0,0,0,0,0,0,0,0,0,0,0
Lorenzo Carter,NYG,OLB,2,CHI,2020,0,13,17,0,0,0,0,0,0,0,0,0,0,0,0,0
Joe Schobert,JAX,ILB,2,TEN,2020,0,30,33,0,0,0,0,0,0,0,0,0,0,0,0,0
Devon Kennard,ARI,OLB,2,WAS,2020,O,30,15,0,0,0,0,0,0,0,0,0,0,0,0,0
Zay Jones,LV,WR,2,NO,2020,0,34,24,0,0,0,0,0,0,0,0,1,1,15,1,0
Alec Ingold,LV,FB,2,NO,2020,0,34,24,0,0,0,0,0,0,0,0,2,2,5,1,0
Anthony Firkser,TEN,TE,2,JAX,2020,0,33,30,0,0,0,0,0,0,0,0,4,4,45,0,0
Derrick Henry,TEN,RB,2,JAX,2020,0,33,30,0,0,0,0,0,25,84,0,0,2,0,0,0
B.J. Hill,NYG,DE,2,CHI,2020,0,13,17,0,0,0,0,0,0,0,0,0,0,0,0,0
Jalen Guyton,LAC,WR,2,KC,2020,0,20,23,0,0,0,0,0,0,0,0,1,2,14,1,0
Quintez Cephus,DET,WR,2,GB,2020,0,21,42,0,0,0,0,0,0,0,0,3,3,54,0,0
Van Jefferson,LAR,WR,2,PHI,2020,0,37,19,0,0,0,0,0,1,-1,0,4,5,45,0,0
Jamaal Williams,GB,RB,2,DET,2020,0,42,21,0,0,0,0,0,8,63,0,0,0,0,0,0
Akiem Hicks,CHI,DT,2,NYG,2020,0,17,13,0,0,0,0,0,0,0,0,0,0,0,0,0
Jalen Reagor,PHI,WR,2,LAR,2020,IR,19,37,0,0,0,0,0,0,0,0,4,4,41,0,0
Avonte Maddox,PHI,CB,2,LAR,2020,O,19,37,0,0,0,0,0,0,0,0,0,0,0,0,0
Brian Poole,NYJ,CB,2,SF,2020,0,13,31,0,0,0,0,0,0,0,0,0,0,0,0,0
Marcus Williams,NO,SS,2,LV,2020,Q,24,34,0,0,0,0,0,0,0,0,0,0,0,0,0
Chris Banjo,ARI,FS,2,WAS,2020,O,30,15,0,0,0,0,0,0,0,0,0,0,0,0,0
Alexander Johnson,DEN,ILB,2,PIT,2020,0,21,26,0,0,0,0,0,0,0,0,0,0,0,0,0
Jonathan Jones,NE,CB,2,SEA,2020,0,30,35,0,0,0,0,0,0,0,0,0,0,0,0,0
Anthony Hitchens,KC,LB,2,LAC,2020,0,23,20,0,0,0,0,0,0,0,0,0,0,0,0,0
Roquan Smith,CHI,ILB,2,NYG,2020,0,17,13,0,0,0,0,0,0,0,0,0,0,0,0,0
Kyle Van Noy,MIA,LB,2,BUF,2020,0,28,31,0,0,0,0,0,0,0,0,0,0,0,0,0
Darqueze Dennard,ATL,CB,2,DAL,2020,IR,39,40,0,0,0,0,0,0,0,0,0,0,0,0,0
Michael Badgley,LAC,K,2,KC,2020,0,20,23,0,0,0,0,0,0,0,0,0,0,0,0,0
Chris Harris Jr.,LAC,CB,2,KC,2020,IR,20,23,0,0,0,0,0,0,0,0,0,0,0,0,0
Rasul Douglas,CAR,CB,2,TB,2020,0,17,31,0,0,0,0,0,0,0,0,0,0,0,0,0
Andrew Wingard,JAX,FS,2,TEN,2020,0,30,33,0,0,0,0,0,0,0,0,0,0,0,0,0
Christian Kirk,ARI,WR,2,WAS,2020,P,30,15,0,0,0,0,0,1,3,0,2,4,57,0,0
James O'Shaughnessy,JAX,TE,2,TEN,2020,0,30,33,0,0,0,0,0,0,0,0,4,4,40,0,0
Chuck Clark,BAL,SS,2,HOU,2020,0,33,16,0,0,0,0,0,0,0,0,0,0,0,0,0
Michael Gallup,DAL,WR,2,ATL,2020,0,40,39,0,0,0,0,0,0,0,0,2,5,58,0,0
Miles Boykin,BAL,WR,2,HOU,2020,0,33,16,0,0,0,0,0,0,0,0,4,5,38,0,0
Daniel Jones,NYG,QB,2,CHI,2020,0,13,17,241,0,0,40,25,3,21,0,0,0,0,0,1
Michael Pittman Jr.,IND,WR,2,MIN,2020,IR,28,11,0,0,0,0,0,0,0,0,4,6,37,0,0
Gabriel Davis,BUF,WR,2,MIA,2020,0,31,28,0,0,0,0,0,1,0,0,1,1,6,1,0
Jarvis Landry,CLE,WR,2,CIN,2020,0,35,30,0,0,0,0,0,0,0,0,3,3,46,0,0
Darius Leonard,IND,OLB,2,MIN,2020,0,28,11,0,0,0,0,0,0,0,0,0,0,0,0,0
Grady Jarrett,ATL,DT,2,DAL,2020,0,39,40,0,0,0,0,0,0,0,0,0,0,0,0,0
Damontae Kazee,ATL,SS,2,DAL,2020,0,39,40,0,0,0,0,0,0,0,0,0,0,0,0,0
Malcolm Smith,CLE,OLB,2,CIN,2020,0,35,30,0,0,0,0,0,0,0,0,0,0,0,0,0
Marshon Lattimore,NO,CB,2,LV,2020,O,24,34,0,0,0,0,0,0,0,0,0,0,0,0,0
T.J. Carrie,IND,CB,2,MIN,2020,O,28,11,0,0,1,0,0,0,0,0,0,0,0,0,0
Benardrick McKinney,HOU,ILB,2,BAL,2020,0,16,33,0,0,0,0,0,0,0,0,0,0,0,0,0
Marcus Peters,BAL,CB,2,HOU,2020,0,33,16,0,0,1,0,0,0,0,0,0,0,0,0,0
Allen Lazard,GB,WR,2,DET,2020,IR,42,21,0,0,0,0,0,0,0,0,3,5,45,0,0
Giovani Bernard,CIN,RB,2,CLE,2020,0,30,35,0,0,0,0,0,1,3,0,5,7,22,0,0
Corey Peters,ARI,DE,2,WAS,2020,0,30,15,0,0,0,0,0,0,0,0,0,0,0,0,0
MIke Danna,KC,DE,2,LAC,2020,0,23,20,0,0,0,0,0,0,0,0,0,0,0,0,0
Justin Jefferson,MIN,WR,2,IND,2020,0,11,28,0,0,0,0,0,0,0,0,3,3,44,0,0
Mario Addison,BUF,OLB,2,MIA,2020,P,31,28,0,0,0,0,0,0,0,0,0,0,0,0,0
Gus Edwards,BAL,RB,2,HOU,2020,0,33,16,0,0,0,0,0,10,73,0,0,0,0,0,0
Mecole Hardman,KC,WR,2,LAC,2020,0,23,20,0,0,0,0,0,1,3,0,2,3,30,0,0
Boston Scott,PHI,RB,2,LAR,2020,0,19,37,0,0,0,0,0,4,19,0,3,3,24,0,0
Eric Ebron,PIT,TE,2,DEN,2020,0,26,21,0,0,0,0,0,0,0,0,3,5,43,0,0
William Gholston,TB,DE,2,CAR,2020,0,31,17,0,0,0,0,0,0,0,0,0,0,0,0,0
Adrian Clayborn,CLE,DE,2,CIN,2020,O,35,30,0,0,0,0,0,0,0,0,0,0,0,0,0
Vernon Scott,GB,S,2,DET,2020,0,42,21,0,0,0,0,0,0,0,0,0,0,0,0,0
Jakob Johnson,NE,FB,2,SEA,2020,0,30,35,0,0,0,0,0,0,0,0,1,1,1,1,0
Reggie Gilliam,BUF,TE,2,MIA,2020,0,31,28,0,0,0,0,0,0,0,0,1,1,1,1,0
Patrick Ricard,BAL,FB,2,HOU,2020,0,33,16,0,0,0,0,0,0,0,0,1,1,1,1,0
J.K. Dobbins,BAL,RB,2,HOU,2020,0,33,16,0,0,0,0,0,2,48,0,1,1,13,0,0
LeSean McCoy,TB,RB,2,CAR,2020,Q,31,17,0,0,0,0,0,1,-5,0,5,7,26,0,0
Robbie Gould,SF,K,2,NYJ,2020,0,31,13,0,0,0,0,0,0,0,0,0,0,0,0,0
Noah Igbinoghene,MIA,CB,2,BUF,2020,0,28,31,0,0,0,0,0,0,0,0,0,0,0,0,0
Kyle Fuller,CHI,CB,2,NYG,2020,0,17,13,0,0,0,0,0,0,0,0,0,0,0,0,0
Trevon Diggs,DAL,CB,2,ATL,2020,P,40,39,0,0,0,0,0,0,0,0,0,0,0,0,0
Keanu Neal,ATL,SS,2,DAL,2020,O,39,40,0,0,0,0,0,0,0,0,0,0,0,0,0
Samuel Sloman,LAR,K,2,PHI,2020,0,37,19,0,0,0,0,0,0,0,0,0,0,0,0,0
Graham Gano,NYG,K,2,CHI,2020,0,13,17,0,0,0,0,0,0,0,0,0,0,0,0,0
Jack Crawford,TEN,DT,2,JAX,2020,0,33,30,0,0,0,0,0,0,0,0,0,0,0,0,0
Jeff Okudah,DET,CB,2,GB,2020,0,21,42,0,0,0,0,0,0,0,0,0,0,0,0,0
Eddie Jackson,CHI,SS,2,NYG,2020,0,17,13,0,0,0,0,0,0,0,0,0,0,0,0,0
Chandler Jones,ARI,OLB,2,WAS,2020,0,30,15,0,0,0,0,0,0,0,0,0,0,0,0,0
Brandon McManus,DEN,K,2,PIT,2020,0,21,26,0,0,0,0,0,0,0,0,0,0,0,0,0
Tyler Bass,BUF,K,2,MIA,2020,0,31,28,0,0,0,0,0,0,0,0,0,0,0,0,0
Kenny Young,LAR,ILB,2,PHI,2020,0,37,19,0,0,0,0,0,0,0,0,0,0,0,0,0
Ben Niemann,KC,LB,2,LAC,2020,0,23,20,0,0,0,0,0,0,0,0,0,0,0,0,0
Khari Willis,IND,SS,2,MIN,2020,0,28,11,0,0,1,0,0,0,0,0,0,0,0,0,0
Jordan Fuller,LAR,S,2,PHI,2020,O,37,19,0,0,0,0,0,0,0,0,0,0,0,0,0
Damon Arnette,LV,CB,2,NO,2020,IR,34,24,0,0,0,0,0,0,0,0,0,0,0,0,0
Michael Davis,LAC,CB,2,KC,2020,0,20,23,0,0,0,0,0,0,0,0,0,0,0,0,0
Jake Elliott,PHI,K,2,LAR,2020,0,19,37,0,0,0,0,0,0,0,0,0,0,0,0,0
Sam Ficken,NYJ,K,2,SF,2020,0,13,31,0,0,0,0,0,0,0,0,0,0,0,0,0
Neville Hewitt,NYJ,ILB,2,SF,2020,0,13,31,0,0,0,0,0,0,0,0,0,0,0,0,0
Jayon Brown,TEN,ILB,2,JAX,2020,0,33,30,0,0,0,0,0,0,0,0,0,0,0,0,0
Kyzir White,LAC,ILB,2,KC,2020,0,20,23,0,0,0,0,0,0,0,0,0,0,0,0,0
Kristian Fulton,TEN,CB,2,JAX,2020,0,33,30,0,0,1,0,0,0,0,0,0,0,0,0,0
Ryan Succop,TB,K,2,CAR,2020,0,31,17,0,0,0,0,0,0,0,0,0,0,0,0,0
Los Angeles Rams,LAR,DST,2,PHI,2020,0,37,19,0,0,2,0,0,0,0,0,0,0,0,0,0
David Johnson,HOU,RB,2,BAL,2020,0,16,33,0,0,0,0,0,11,34,0,2,4,16,0,0
Dallas Goedert,PHI,TE,2,LAR,2020,IR,19,37,0,0,0,0,0,0,0,0,4,8,30,0,0
Justin Watson,TB,WR,2,CAR,2020,0,31,17,0,0,0,0,0,0,0,0,2,3,48,0,0
Josh Malone,NYJ,WR,2,SF,2020,0,13,31,0,0,0,0,0,1,12,0,4,6,16,0,0
Haason Reddick,ARI,OLB,2,WAS,2020,0,30,15,0,0,0,0,0,0,0,0,0,0,0,0,0
Isaiah McKenzie,BUF,WR,2,MIA,2020,0,31,28,0,0,0,0,0,0,0,0,2,2,47,0,0
Hunter Renfrow,LV,WR,2,NO,2020,0,34,24,0,0,0,0,0,0,0,0,3,3,37,0,0
Taco Charlton,KC,DE,2,LAC,2020,0,23,20,0,0,0,0,0,0,0,0,0,0,0,0,0
Davante Adams,GB,WR,2,DET,2020,O,42,21,0,0,0,0,0,0,0,0,3,3,36,0,0
Logan Thomas,WAS,TE,2,ARI,2020,0,15,30,0,0,0,0,0,0,0,0,4,9,26,0,0
Jessie Bates III,CIN,FS,2,CLE,2020,0,30,35,0,0,0,0,0,0,0,0,0,0,0,0,0
John Simon,NE,DE,2,SEA,2020,0,30,35,0,0,0,0,0,0,0,0,0,0,0,0,0
Jalen Mills,PHI,SS,2,LAR,2020,0,19,37,0,0,0,0,0,0,0,0,0,0,0,0,0
Isaiah Oliver,ATL,CB,2,DAL,2020,0,39,40,0,0,0,0,0,0,0,0,0,0,0,0,0
Michael Ojemudia,DEN,CB,2,PIT,2020,0,21,26,0,0,0,0,0,0,0,0,0,0,0,0,0
Kareem Jackson,DEN,SS,2,PIT,2020,0,21,26,0,0,0,0,0,0,0,0,0,0,0,0,0
Marcus Maye,NYJ,FS,2,SF,2020,0,13,31,0,0,0,0,0,0,0,0,0,0,0,0,0
Rashaan Evans,TEN,ILB,2,JAX,2020,0,33,30,0,0,0,0,0,0,0,0,0,0,0,0,0
Jamel Dean,TB,CB,2,CAR,2020,0,31,17,0,0,0,0,0,0,0,0,0,0,0,0,0
Tee Higgins,CIN,WR,2,CLE,2020,0,30,35,0,0,0,0,0,0,0,0,3,6,35,0,0
Jordan Howard,MIA,RB,2,BUF,2020,0,28,31,0,0,0,0,0,5,4,1,0,0,0,0,0
Deonte Harris,NO,WR,2,LV,2020,0,24,34,0,0,0,0,0,1,11,0,3,5,23,0,0
Frank Gore,NYJ,RB,2,SF,2020,0,13,31,0,0,0,0,0,21,63,0,0,2,0,0,0
K'Lavon Chaisson,JAX,LB,2,TEN,2020,0,30,33,0,0,0,0,0,0,0,0,0,0,0,0,0
Allen Robinson II,CHI,WR,2,NYG,2020,0,17,13,0,0,0,0,0,0,0,0,3,9,33,0,0
Darius Slayton,NYG,WR,2,CHI,2020,0,13,17,0,0,0,0,0,0,0,0,3,6,33,0,0
Steven Sims Jr.,WAS,WR,2,ARI,2020,O,15,30,0,0,0,0,0,0,0,0,3,5,53,0,1
Bryan Edwards,LV,WR,2,NO,2020,O,34,24,0,0,0,0,0,0,0,0,2,2,42,0,0
C.J. Board,NYG,WR,2,CHI,2020,0,13,17,0,0,0,0,0,0,0,0,3,3,32,0,0
Shilique Calhoun,NE,LB,2,SEA,2020,0,30,35,0,0,0,0,0,0,0,0,0,0,0,0,0
Todd Gurley II,ATL,RB,2,DAL,2020,0,39,40,0,0,0,0,0,21,61,0,0,0,0,0,0
Barkevious Mingo,CHI,OLB,2,NYG,2020,0,17,13,0,0,0,0,0,0,0,0,0,0,0,0,0
Adam Thielen,MIN,WR,2,IND,2020,0,11,28,0,0,0,0,0,0,0,0,3,8,31,0,0
Shelby Harris,DEN,NT,2,PIT,2020,0,21,26,0,0,0,0,0,0,0,0,0,0,0,0,0
Harrison Smith,MIN,SS,2,IND,2020,0,11,28,0,0,0,0,0,0,0,0,0,0,0,0,0
Dexter Lawrence,NYG,DE,2,CHI,2020,0,13,17,0,0,0,0,0,0,0,0,0,0,0,0,0
Wil Lutz,NO,K,2,LV,2020,0,24,34,0,0,0,0,0,0,0,0,0,0,0,0,0
Xavier Woods,DAL,FS,2,ATL,2020,0,40,39,0,0,0,0,0,0,0,0,0,0,0,0,0
Brian Burns,CAR,OLB,2,TB,2020,0,17,31,0,0,0,0,0,0,0,0,0,0,0,0,0
Mike Purcell,DEN,NT,2,PIT,2020,0,21,26,0,0,0,0,0,0,0,0,0,0,0,0,0
Jarrad Davis,DET,ILB,2,GB,2020,0,21,42,0,0,0,0,0,0,0,0,0,0,0,0,0
Johnathan Abram,LV,FS,2,NO,2020,P,34,24,0,0,0,0,0,0,0,0,0,0,0,0,0
Chris Boswell,PIT,K,2,DEN,2020,0,26,21,0,0,0,0,0,0,0,0,0,0,0,0,0
Jeff Gladney,MIN,CB,2,IND,2020,0,11,28,0,0,0,0,0,0,0,0,0,0,0,0,0
Lamarcus Joyner,LV,FS,2,NO,2020,0,34,24,0,0,0,0,0,0,0,0,0,0,0,0,0
Vernon Butler,BUF,DT,2,MIA,2020,0,31,28,0,0,0,0,0,0,0,0,0,0,0,0,0
Tre'Davious White,BUF,CB,2,MIA,2020,0,31,28,0,0,0,0,0,0,0,0,0,0,0,0,0
Jaleel Johnson,MIN,NT,2,IND,2020,0,11,28,0,0,0,0,0,0,0,0,0,0,0,0,0
Desmond King II,LAC,FS,2,KC,2020,0,20,23,0,0,0,0,0,0,0,0,0,0,0,0,0
Erik Harris,LV,SS,2,NO,2020,0,34,24,0,0,0,0,0,0,0,0,0,0,0,0,0
Nick Folk,NE,K,2,SEA,2020,0,30,35,0,0,0,0,0,0,0,0,0,0,0,0,0
Tyquan Lewis,IND,DL,2,MIN,2020,0,28,11,0,0,0,0,0,0,0,0,0,0,0,0,0
Josh Lambo,JAX,K,2,TEN,2020,IR,30,33,0,0,0,0,0,0,0,0,0,0,0,0,0
Pierre Desir,NYJ,CB,2,SF,2020,0,13,31,0,0,1,0,0,0,0,0,0,0,0,0,0
Donte Jackson,CAR,CB,2,TB,2020,0,17,31,0,0,1,0,0,0,0,0,0,0,0,0,0
Jimmy Moreland,WAS,CB,2,ARI,2020,0,15,30,0,0,0,0,0,0,0,0,0,0,0,0,0
C.J. Henderson,JAX,CB,2,TEN,2020,0,30,33,0,0,0,0,0,0,0,0,0,0,0,0,0
New England Patriots,NE,DST,2,SEA,2020,0,30,35,0,0,1,0,0,0,0,0,0,0,0,0,0
Tevin Coleman,SF,RB,2,NYJ,2020,IR,31,13,0,0,0,0,0,14,12,0,2,2,28,0,0
Brandon Graham,PHI,DE,2,LAR,2020,0,19,37,0,0,0,0,0,0,0,0,0,0,0,0,0
Charles Omenihu,HOU,DE,2,BAL,2020,0,16,33,0,0,0,0,0,0,0,0,0,0,0,0,0
Curtis Samuel,CAR,WR,2,TB,2020,0,17,31,0,0,0,0,0,4,26,0,2,2,13,0,0
KhaDarel Hodge,CLE,WR,2,CIN,2020,0,35,30,0,0,0,0,0,0,0,0,2,2,39,0,0
A.J. Green,CIN,WR,2,CLE,2020,0,30,35,0,0,0,0,0,0,0,0,3,13,29,0,0
T.Y. Hilton,IND,WR,2,MIN,2020,0,28,11,0,0,0,0,0,0,0,0,3,5,28,0,0
Demarcus Robinson,KC,WR,2,LAC,2020,0,23,20,0,0,0,0,0,0,0,0,3,4,28,0,0
Carlos Hyde,SEA,RB,2,NE,2020,O,35,30,0,0,0,0,0,5,22,0,2,2,15,0,0
Cameron Batson,TEN,WR,2,JAX,2020,0,33,30,0,0,0,0,0,1,11,0,2,2,26,0,0
Chase Winovich,NE,DE,2,SEA,2020,0,30,35,0,0,0,0,0,0,0,0,0,0,0,0,0
Preston Williams,MIA,WR,2,BUF,2020,0,28,31,0,0,0,0,0,0,0,0,1,5,26,0,0
Jaylon Johnson,CHI,CB,2,NYG,2020,0,17,13,0,0,0,0,0,0,0,0,0,0,0,0,0
Josh Bynes,CIN,ILB,2,CLE,2020,0,30,35,0,0,0,0,0,0,0,0,0,0,0,0,0
Bryce Callahan,DEN,CB,2,PIT,2020,0,21,26,0,0,0,0,0,0,0,0,0,0,0,0,0
Joe Jackson,CLE,DE,2,CIN,2020,0,35,30,0,0,0,0,0,0,0,0,0,0,0,0,0
Nathan Gerry,PHI,OLB,2,LAR,2020,0,19,37,0,0,0,0,0,0,0,0,0,0,0,0,0
A.J. Terrell,ATL,CB,2,DAL,2020,0,39,40,0,0,0,0,0,0,0,0,0,0,0,0,0
Karl Joseph,CLE,SS,2,CIN,2020,0,35,30,0,0,0,0,0,0,0,0,0,0,0,0,0
Christian Jones,DET,OLB,2,GB,2020,P,21,42,0,0,0,0,0,0,0,0,0,0,0,0,0
Buster Skrine,CHI,CB,2,NYG,2020,0,17,13,0,0,0,0,0,0,0,0,0,0,0,0,0
Denzel Ward,CLE,CB,2,CIN,2020,P,35,30,0,0,0,0,0,0,0,0,0,0,0,0,0
D.J. Reader,CIN,NT,2,CLE,2020,0,30,35,0,0,0,0,0,0,0,0,0,0,0,0,0
Davon Godchaux,MIA,NT,2,BUF,2020,0,28,31,0,0,0,0,0,0,0,0,0,0,0,0,0
Darius Slay,PHI,CB,2,LAR,2020,0,19,37,0,0,0,0,0,0,0,0,0,0,0,0,0
Jimmie Ward,SF,FS,2,NYJ,2020,0,31,13,0,0,0,0,0,0,0,0,0,0,0,0,0
Jalyn Holmes,MIN,DE,2,IND,2020,0,11,28,0,0,0,0,0,0,0,0,0,0,0,0,0
Tershawn Wharton,KC,DT,2,LAC,2020,0,23,20,0,0,0,0,0,0,0,0,0,0,0,0,0
Derrick Nnadi,KC,DT,2,LAC,2020,0,23,20,0,0,0,0,0,0,0,0,0,0,0,0,0
Sterling Shepard,NYG,WR,2,CHI,2020,IR,13,17,0,0,0,0,0,1,6,0,2,4,29,0,0
Blake Bell,DAL,TE,2,ATL,2020,0,40,39,0,0,0,0,0,0,0,0,2,3,34,0,0
J.D. McKissic,WAS,RB,2,ARI,2020,0,15,30,0,0,0,0,0,8,53,0,0,0,0,0,0
Latavius Murray,NO,RB,2,LV,2020,0,24,34,0,0,0,0,0,3,14,0,2,2,19,0,0
Cordarrelle Patterson,CHI,WR,2,NYG,2020,0,17,13,0,0,0,0,0,7,25,0,2,2,8,0,0
Josh Reynolds,LAR,WR,2,PHI,2020,0,37,19,0,0,0,0,0,0,0,0,2,2,33,0,0
Preston Smith,GB,OLB,2,DET,2020,0,42,21,0,0,0,0,0,0,0,0,0,0,0,0,0
Andrew Van Ginkel,MIA,OLB,2,BUF,2020,0,28,31,0,0,0,0,0,0,0,0,0,0,0,0,0
James Washington,PIT,WR,2,DEN,2020,0,26,21,0,0,0,0,0,0,0,0,3,5,22,0,0
Dalvin Tomlinson,NYG,NT,2,CHI,2020,0,13,17,0,0,0,0,0,0,0,0,0,0,0,0,0
Janoris Jenkins,NO,CB,2,LV,2020,O,24,34,0,0,0,0,0,0,0,0,0,0,0,0,0
Cody Parkey,CLE,K,2,CIN,2020,0,35,30,0,0,0,0,0,0,0,0,0,0,0,0,0
Porter Gustin,CLE,DE,2,CIN,2020,0,35,30,0,0,0,0,0,0,0,0,0,0,0,0,0
Vonn Bell,CIN,SS,2,CLE,2020,0,30,35,0,0,0,0,0,0,0,0,0,0,0,0,0
John Cominsky,ATL,DE,2,DAL,2020,0,39,40,0,0,0,0,0,0,0,0,0,0,0,0,0
Deon Bush,CHI,FS,2,NYG,2020,0,17,13,0,0,1,0,0,0,0,0,0,0,0,0,0
Cairo Santos,CHI,K,2,NYG,2020,0,17,13,0,0,0,0,0,0,0,0,0,0,0,0,0
Darious Williams,LAR,CB,2,PHI,2020,0,37,19,0,0,1,0,0,0,0,0,0,0,0,0,0
Kyle Dugger,NE,S,2,SEA,2020,0,30,35,0,0,0,0,0,0,0,0,0,0,0,0,0
Joe Haden,PIT,CB,2,DEN,2020,0,26,21,0,0,1,0,0,0,0,0,0,0,0,0,0
Kwon Alexander,SF,OLB,2,NYJ,2020,0,31,13,0,0,0,0,0,0,0,0,0,0,0,0,0
Tyrann Mathieu,KC,SS,2,LAC,2020,0,23,20,0,0,0,0,0,0,0,0,0,0,0,0,0
Minkah Fitzpatrick,PIT,FS,2,DEN,2020,0,26,21,0,0,0,0,0,0,0,0,0,0,0,0,0
Jason Myers,SEA,K,2,NE,2020,0,35,30,0,0,0,0,0,0,0,0,0,0,0,0,0
Brandon Copeland,NE,OLB,2,SEA,2020,0,30,35,0,0,0,0,0,0,0,0,0,0,0,0,0
Daniel Sorensen,KC,FS,2,LAC,2020,0,23,20,0,0,0,0,0,0,0,0,0,0,0,0,0
Eric Murray,HOU,FS,2,BAL,2020,0,16,33,0,0,0,0,0,0,0,0,0,0,0,0,0
Joey Slye,CAR,K,2,TB,2020,0,17,31,0,0,0,0,0,0,0,0,0,0,0,0,0
Tahir Whitehead,CAR,OLB,2,TB,2020,0,17,31,0,0,0,0,0,0,0,0,0,0,0,0,0
Tennessee Titans,TEN,DST,2,JAX,2020,0,33,30,0,0,2,0,0,0,0,0,0,0,0,0,0
San Francisco 49ers,SF,DST,2,NYJ,2020,0,31,13,0,0,0,0,0,0,0,0,0,0,0,0,0
Denver Broncos,DEN,DST,2,PIT,2020,0,21,26,0,0,1,0,0,0,0,0,0,0,0,0,0
Kansas City Chiefs,KC,DST,2,LAC,2020,0,23,20,0,0,1,0,0,0,0,0,0,0,0,0,0
Matt Breida,MIA,RB,2,BUF,2020,0,28,31,0,0,0,0,0,7,37,0,1,2,2,0,1
Willie Snead IV,BAL,WR,2,HOU,2020,0,33,16,0,0,0,0,0,0,0,0,2,2,29,0,0
Noah Brown,DAL,WR,2,ATL,2020,0,40,39,0,0,0,0,0,0,0,0,2,2,28,0,0
Malcolm Brown,LAR,RB,2,PHI,2020,0,37,19,0,0,0,0,0,11,47,0,0,0,0,0,0
Dan Arnold,ARI,TE,2,WAS,2020,0,30,15,0,0,0,0,0,0,0,0,2,4,26,0,0
Jourdan Lewis,DAL,CB,2,ATL,2020,0,40,39,0,0,0,0,0,0,0,0,0,0,0,0,0
Jurrell Casey,DEN,DE,2,PIT,2020,IR,21,26,0,0,0,0,0,0,0,0,0,0,0,0,0
Will Harris,DET,SS,2,GB,2020,0,21,42,0,0,0,0,0,0,0,0,0,0,0,0,0
Fletcher Cox,PHI,DT,2,LAR,2020,0,19,37,0,0,0,0,0,0,0,0,0,0,0,0,0
Mykal Walker,ATL,LB,2,DAL,2020,0,39,40,0,0,0,0,0,0,0,0,0,0,0,0,0
Tracy Walker,DET,FS,2,GB,2020,0,21,42,0,0,0,0,0,0,0,0,0,0,0,0,0
Jahlani Tavai,DET,ILB,2,GB,2020,0,21,42,0,0,0,0,0,0,0,0,0,0,0,0,0
Duron Harmon,DET,SS,2,GB,2020,0,21,42,0,0,0,0,0,0,0,0,0,0,0,0,0
Chris Jones,KC,NT,2,LAC,2020,Q,23,20,0,0,0,0,0,0,0,0,0,0,0,0,0
Sione Takitaki,CLE,ILB,2,CIN,2020,0,35,30,0,0,0,0,0,0,0,0,0,0,0,0,0
Romeo Okwara,DET,DE,2,GB,2020,0,21,42,0,0,0,0,0,0,0,0,0,0,0,0,0
Terrance Mitchell,CLE,CB,2,CIN,2020,0,35,30,0,0,0,0,0,0,0,0,0,0,0,0,0
A.J. Klein,BUF,OLB,2,MIA,2020,0,31,28,0,0,0,0,0,0,0,0,0,0,0,0,0
Anthony Harris,MIN,FS,2,IND,2020,0,11,28,0,0,0,0,0,0,0,0,0,0,0,0,0
Adrian Phillips,NE,SS,2,SEA,2020,0,30,35,0,0,0,0,0,0,0,0,0,0,0,0,0
Tanoh Kpassagnon,KC,DE,2,LAC,2020,0,23,20,0,0,0,0,0,0,0,0,0,0,0,0,0
Jaquiski Tartt,SF,SS,2,NYJ,2020,0,31,13,0,0,0,0,0,0,0,0,0,0,0,0,0
Bradley McDougald,NYJ,SS,2,SF,2020,0,13,31,0,0,0,0,0,0,0,0,0,0,0,0,0
Adam Gotsis,JAX,DE,2,TEN,2020,0,30,33,0,0,0,0,0,0,0,0,0,0,0,0,0
Budda Baker,ARI,FS,2,WAS,2020,O,30,15,0,0,0,0,0,0,0,0,0,0,0,0,0
Chris Jackson,TEN,CB,2,JAX,2020,Q,33,30,0,0,0,0,0,0,0,0,0,0,0,0,0
Troy Apke,WAS,FS,2,ARI,2020,0,15,30,0,0,0,0,0,0,0,0,0,0,0,0,0
Brian Hill,ATL,RB,2,DAL,2020,0,39,40,0,0,0,0,0,3,14,0,2,2,11,0,0
Ty Montgomery,NO,RB,2,LV,2020,IR,24,34,0,0,0,0,0,0,0,0,2,3,25,0,0
Justin Houston,IND,DE,2,MIN,2020,0,28,11,0,0,0,0,0,0,0,0,0,0,0,0,0
Julio Jones,ATL,WR,2,DAL,2020,Q,39,40,0,0,0,0,0,0,0,0,2,4,24,0,0
Tim Patrick,DEN,WR,2,PIT,2020,0,21,26,0,0,0,0,0,0,0,0,2,5,24,0,0
Chase Edmonds,ARI,RB,2,WAS,2020,0,30,15,0,0,0,0,0,3,4,0,3,4,9,0,1
Dante Fowler Jr.,ATL,OLB,2,DAL,2020,0,39,40,0,0,0,0,0,0,0,0,0,0,0,0,0
Emmanuel Ogbah,MIA,DE,2,BUF,2020,0,28,31,0,0,0,0,0,0,0,0,0,0,0,0,0
Austin Hooper,CLE,TE,2,CIN,2020,0,35,30,0,0,0,0,0,0,0,0,2,4,22,0,0
Adrian Peterson,DET,RB,2,GB,2020,0,21,42,0,0,0,0,0,7,41,0,0,0,0,0,0
Jeremy Chinn,CAR,S,2,TB,2020,0,17,31,0,0,0,0,0,1,1,0,0,0,0,0,0
Foster Moreau,LV,TE,2,NO,2020,0,34,24,0,0,0,0,0,0,0,0,1,1,31,0,0
Danny Amendola,DET,WR,2,GB,2020,0,21,42,0,0,0,0,0,0,0,0,2,7,21,0,0
Brandon Aiyuk,SF,WR,2,NYJ,2020,0,31,13,0,0,0,0,0,0,0,0,2,3,21,0,0
Cameron Jordan,NO,DE,2,LV,2020,0,24,34,0,0,0,0,0,0,0,0,0,0,0,0,0
Taron Johnson,BUF,CB,2,MIA,2020,0,31,28,0,0,0,0,0,0,0,0,0,0,0,0,0
Josey Jewell,DEN,ILB,2,PIT,2020,0,21,26,0,0,0,0,0,0,0,0,0,0,0,0,0
Tre Boston,CAR,FS,2,TB,2020,0,17,31,0,0,0,0,0,0,0,0,0,0,0,0,0
Jaire Alexander,GB,CB,2,DET,2020,0,42,21,0,0,0,0,0,0,0,0,0,0,0,0,0
Taylor Rapp,LAR,SS,2,PHI,2020,0,37,19,0,0,0,0,0,0,0,0,0,0,0,0,0
Marcus Epps,PHI,FS,2,LAR,2020,0,19,37,0,0,0,0,0,0,0,0,0,0,0,0,0
Ahkello Witherspoon,SF,CB,2,NYJ,2020,O,31,13,0,0,0,0,0,0,0,0,0,0,0,0,0
D.J. Jones,SF,DT,2,NYJ,2020,0,31,13,0,0,0,0,0,0,0,0,0,0,0,0,0
DeMarcus Lawrence,DAL,DE,2,ATL,2020,0,40,39,0,0,0,0,0,0,0,0,0,0,0,0,0
Danny Shelton,DET,DT,2,GB,2020,0,21,42,0,0,0,0,0,0,0,0,0,0,0,0,0
Daryl Worley,DAL,CB,2,ATL,2020,0,40,39,0,0,0,0,0,0,0,0,0,0,0,0,0
Deadrin Senat,ATL,DT,2,DAL,2020,0,39,40,0,0,0,0,0,0,0,0,0,0,0,0,0
Julian Blackmon,IND,S,2,MIN,2020,0,28,11,0,0,0,0,0,0,0,0,0,0,0,0,0
Malcolm Roach,NO,DE,2,LV,2020,0,24,34,0,0,0,0,0,0,0,0,0,0,0,0,0
Jerry Hughes,BUF,DE,2,MIA,2020,0,31,28,0,0,0,0,0,0,0,0,0,0,0,0,0
Lawrence Guy,NE,DE,2,SEA,2020,0,30,35,0,0,0,0,0,0,0,0,0,0,0,0,0
Lano Hill,SEA,SS,2,NE,2020,O,35,30,0,0,0,0,0,0,0,0,0,0,0,0,0
Takkarist McKinley,ATL,DE,2,DAL,2020,O,39,40,0,0,0,0,0,0,0,0,0,0,0,0,0
Jacob Tuioti-Mariner,ATL,DE,2,DAL,2020,0,39,40,0,0,0,0,0,0,0,0,0,0,0,0,0
Johnathan Joseph,TEN,CB,2,JAX,2020,0,33,30,0,0,0,0,0,0,0,0,0,0,0,0,0
Bradley Chubb,DEN,OLB,2,PIT,2020,0,21,26,0,0,0,0,0,0,0,0,0,0,0,0,0
Jerry Tillery,LAC,DT,2,KC,2020,0,20,23,0,0,0,0,0,0,0,0,0,0,0,0,0
Jordan Wilkins,IND,RB,2,MIN,2020,0,28,11,0,0,0,0,0,9,40,0,0,0,0,0,0
Alec Ogletree,NYJ,ILB,2,SF,2020,0,13,31,0,0,0,0,0,0,0,0,0,0,0,0,0
Jadeveon Clowney,TEN,DE,2,JAX,2020,0,33,30,0,0,0,0,0,0,0,0,0,0,0,0,0
Matt Ioannidis,WAS,DT,2,ARI,2020,IR,15,30,0,0,0,0,0,0,0,0,0,0,0,0,0
Shaquil Barrett,TB,OLB,2,CAR,2020,0,31,17,0,0,0,0,0,0,0,0,0,0,0,0,0
Woodrow Hamilton,CAR,NT,2,TB,2020,0,17,31,0,0,0,0,0,0,0,0,0,0,0,0,0
Anthony Averett,BAL,CB,2,HOU,2020,0,33,16,0,0,0,0,0,0,0,0,0,0,0,0,0
Josh Jones,JAX,FS,2,TEN,2020,0,30,33,0,0,0,0,0,0,0,0,0,0,0,0,0
Cleveland Browns,CLE,DST,2,CIN,2020,0,35,30,0,0,0,0,0,0,0,0,0,0,0,0,0
Minnesota Vikings,MIN,DST,2,IND,2020,0,11,28,0,0,1,0,0,0,0,0,0,0,0,0,0
New York Jets,NYJ,DST,2,SF,2020,0,13,31,0,0,1,0,0,0,0,0,0,0,0,0,0
Washington Football Team,WAS,DST,2,ARI,2020,0,15,30,0,0,1,0,0,0,0,0,0,0,0,0,0
Houston Texans,HOU,DST,2,BAL,2020,0,16,33,0,0,0,0,0,0,0,0,0,0,0,0,0
New Orleans Saints,NO,DST,2,LV,2020,0,24,34,0,0,0,0,0,0,0,0,0,0,0,0,0
Mark Andrews,BAL,TE,2,HOU,2020,0,33,16,0,0,0,0,0,0,0,0,1,3,29,0,0
Ryan Izzo,NE,TE,2,SEA,2020,0,30,35,0,0,0,0,0,0,0,0,2,2,19,0,0
Zack Moss,BUF,RB,2,MIA,2020,O,31,28,0,0,0,0,0,8,37,0,0,0,0,0,0
Tarik Cohen,CHI,RB,2,NYG,2020,IR,17,13,0,0,0,0,0,5,12,0,1,1,15,0,0
Javon Wims,CHI,WR,2,NYG,2020,0,17,13,0,0,0,0,0,0,0,0,2,2,17,0,0
Kalen Ballage,NYJ,RB,2,SF,2020,0,13,31,0,0,0,0,0,1,5,0,2,2,12,0,0
Dontrelle Inman,WAS,WR,2,ARI,2020,0,15,30,0,0,0,0,0,0,0,0,2,5,17,0,0
Derek Rivers,NE,DE,2,SEA,2020,0,30,35,0,0,0,0,0,0,0,0,0,0,0,0,0
Kenny Stills,HOU,WR,2,BAL,2020,0,16,33,0,0,0,0,0,0,0,0,2,3,16,0,0
Kyle Phillips,NYJ,DE,2,SF,2020,0,13,31,0,0,0,0,0,0,0,0,0,0,0,0,0
Stephon Tuitt,PIT,DE,2,DEN,2020,0,26,21,0,0,0,0,0,0,0,0,0,0,0,0,0
Aldon Smith,DAL,DE,2,ATL,2020,0,40,39,0,0,0,0,0,0,0,0,0,0,0,0,0
John Franklin-Myers,NYJ,DE,2,SF,2020,P,13,31,0,0,0,0,0,0,0,0,0,0,0,0,0
Mike Hughes,MIN,CB,2,IND,2020,O,11,28,0,0,0,0,0,0,0,0,0,0,0,0,0
Nasir Adderley,LAC,FS,2,KC,2020,0,20,23,0,0,0,0,0,0,0,0,0,0,0,0,0
Maurice Hurst,LV,DT,2,NO,2020,0,34,24,0,0,0,0,0,0,0,0,0,0,0,0,0
Jerome Baker,MIA,LB,2,BUF,2020,0,28,31,0,0,0,0,0,0,0,0,0,0,0,0,0
Kevin King,GB,CB,2,DET,2020,0,42,21,0,0,0,0,0,0,0,0,0,0,0,0,0
Carl Nassib,LV,DE,2,NO,2020,0,34,24,0,0,0,0,0,0,0,0,0,0,0,0,0
Steven Means,ATL,DE,2,DAL,2020,0,39,40,0,0,0,0,0,0,0,0,0,0,0,0,0
Josh Sweat,PHI,DE,2,LAR,2020,0,19,37,0,0,0,0,0,0,0,0,0,0,0,0,0
Rodney McLeod,PHI,FS,2,LAR,2020,0,19,37,0,0,0,0,0,0,0,0,0,0,0,0,0
Malik Jackson,PHI,DT,2,LAR,2020,0,19,37,0,0,0,0,0,0,0,0,0,0,0,0,0
Emmanuel Moseley,SF,CB,2,NYJ,2020,O,31,13,0,0,0,0,0,0,0,0,0,0,0,0,0
Linval Joseph,LAC,NT,2,KC,2020,0,20,23,0,0,0,0,0,0,0,0,0,0,0,0,0
DaQuan Jones,TEN,NT,2,JAX,2020,0,33,30,0,0,0,0,0,0,0,0,0,0,0,0,0
Brandon Williams,BAL,NT,2,HOU,2020,0,33,16,0,0,0,0,0,0,0,0,0,0,0,0,0
Jonathan Allen,WAS,DT,2,ARI,2020,0,15,30,0,0,0,0,0,0,0,0,0,0,0,0,0
Sean Murphy-Bunting,TB,CB,2,CAR,2020,0,31,17,0,0,0,0,0,0,0,0,0,0,0,0,0
Bisi Johnson,MIN,WR,2,IND,2020,0,11,28,0,0,0,0,0,0,0,0,1,3,24,0,0
Mike Williams,LAC,WR,2,KC,2020,O,20,23,0,0,0,0,0,0,0,0,2,4,14,0,0
Breshad Perriman,NYJ,WR,2,SF,2020,O,13,31,0,0,0,0,0,0,0,0,2,2,12,0,0
Scotty Miller,TB,WR,2,CAR,2020,P,31,17,0,0,0,0,0,1,1,0,2,3,11,0,0
Jabrill Peppers,NYG,SS,2,CHI,2020,O,13,17,0,0,0,0,0,0,0,0,0,0,0,0,0
Bruce Irvin,SEA,OLB,2,NE,2020,IR,35,30,0,0,0,0,0,0,0,0,0,0,0,0,0
Jimmy Smith,BAL,CB,2,HOU,2020,P,33,16,0,0,0,0,0,0,0,0,0,0,0,0,0
Harrison Phillips,BUF,DT,2,MIA,2020,0,31,28,0,0,0,0,0,0,0,0,0,0,0,0,0
Stephon Gilmore,NE,CB,2,SEA,2020,0,30,35,0,0,0,0,0,0,0,0,0,0,0,0,0
Tarell Basham,NYJ,OLB,2,SF,2020,0,13,31,0,0,0,0,0,0,0,0,0,0,0,0,0
Quinton Jefferson,BUF,DT,2,MIA,2020,0,31,28,0,0,0,0,0,0,0,0,0,0,0,0,0
Malik Reed,DEN,OLB,2,PIT,2020,0,21,26,0,0,0,0,0,0,0,0,0,0,0,0,0
Brandon Dunn,HOU,DE,2,BAL,2020,0,16,33,0,0,0,0,0,0,0,0,0,0,0,0,0
Will Redmond,GB,FS,2,DET,2020,0,42,21,0,0,0,0,0,0,0,0,0,0,0,0,0
Amani Oruwariye,DET,CB,2,GB,2020,0,21,42,0,0,0,0,0,0,0,0,0,0,0,0,0
Ifeadi Odenigbo,MIN,DE,2,IND,2020,0,11,28,0,0,0,0,0,0,0,0,0,0,0,0,0
K.J. Wright,SEA,OLB,2,NE,2020,0,35,30,0,0,0,0,0,0,0,0,0,0,0,0,0
Ronald Darby,WAS,CB,2,ARI,2020,0,15,30,0,0,0,0,0,0,0,0,0,0,0,0,0
Matt Prater,DET,K,2,GB,2020,0,21,42,0,0,0,0,0,0,0,0,0,0,0,0,0
Shamar Stephen,MIN,DT,2,IND,2020,0,11,28,0,0,0,0,0,0,0,0,0,0,0,0,0
Ja'Whaun Bentley,NE,LB,2,SEA,2020,0,30,35,0,0,0,0,0,0,0,0,0,0,0,0,0
L.J. Collier,SEA,DE,2,NE,2020,0,35,30,0,0,0,0,0,0,0,0,0,0,0,0,0
Maxx Crosby,LV,DE,2,NO,2020,0,34,24,0,0,0,0,0,0,0,0,0,0,0,0,0
Darnell Savage,GB,SS,2,DET,2020,0,42,21,0,0,0,0,0,0,0,0,0,0,0,0,0
Kevin Strong,DET,DT,2,GB,2020,0,21,42,0,0,0,0,0,0,0,0,0,0,0,0,0
Trayvon Mullen,LV,CB,2,NO,2020,0,34,24,0,0,0,0,0,0,0,0,0,0,0,0,0
Christian Wilkins,MIA,DE,2,BUF,2020,0,28,31,0,0,0,0,0,0,0,0,0,0,0,0,0
Jason McCourty,NE,CB,2,SEA,2020,0,30,35,0,0,0,0,0,0,0,0,0,0,0,0,0
Sebastian Joseph-Day,LAR,NT,2,PHI,2020,0,37,19,0,0,0,0,0,0,0,0,0,0,0,0,0
Mackensie Alexander,CIN,CB,2,CLE,2020,O,30,35,0,0,0,0,0,0,0,0,0,0,0,0,0
K'Von Wallace,PHI,S,2,LAR,2020,0,19,37,0,0,0,0,0,0,0,0,0,0,0,0,0
Alex Anzalone,NO,ILB,2,LV,2020,0,24,34,0,0,0,0,0,0,0,0,0,0,0,0,0
Dan Bailey,MIN,K,2,IND,2020,0,11,28,0,0,0,0,0,0,0,0,0,0,0,0,0
Shaquill Griffin,SEA,CB,2,NE,2020,P,35,30,0,0,0,0,0,0,0,0,0,0,0,0,0
Dustin Hopkins,WAS,K,2,ARI,2020,0,15,30,0,0,0,0,0,0,0,0,0,0,0,0,0
Bless Austin,NYJ,CB,2,SF,2020,0,13,31,0,0,0,0,0,0,0,0,0,0,0,0,0
Steve McLendon,NYJ,NT,2,SF,2020,0,13,31,0,0,0,0,0,0,0,0,0,0,0,0,0
Zach Allen,ARI,DE,2,WAS,2020,0,30,15,0,0,0,0,0,0,0,0,0,0,0,0,0
Corn Elder,CAR,CB,2,TB,2020,0,17,31,0,0,0,0,0,0,0,0,0,0,0,0,0
Lonnie Johnson Jr.,HOU,CB,2,BAL,2020,0,16,33,0,0,0,0,0,0,0,0,0,0,0,0,0
Amani Hooker,TEN,FS,2,JAX,2020,0,33,30,0,0,0,0,0,0,0,0,0,0,0,0,0
Atlanta Falcons,ATL,DST,2,DAL,2020,0,39,40,0,0,0,0,0,0,0,0,0,0,0,0,0
Carolina Panthers,CAR,DST,2,TB,2020,0,17,31,0,0,1,0,0,0,0,0,0,0,0,0,0
Seattle Seahawks,SEA,DST,2,NE,2020,0,35,30,0,0,1,0,0,0,0,0,0,0,0,0,0
Trent Taylor,SF,WR,2,NYJ,2020,0,31,13,0,0,0,0,0,0,0,0,2,3,10,0,0
Nelson Agholor,LV,WR,2,NO,2020,0,34,24,0,0,0,0,0,0,0,0,1,1,19,0,0
Devin Duvernay,BAL,WR,2,HOU,2020,0,33,16,0,0,0,0,0,0,0,0,1,1,19,0,0
Saquon Barkley,NYG,RB,2,CHI,2020,IR,13,17,0,0,0,0,0,4,28,0,0,0,0,0,0
Jimmy Graham,CHI,TE,2,NYG,2020,0,17,13,0,0,0,0,0,0,0,0,1,1,18,0,0
Emmanuel Sanders,NO,WR,2,LV,2020,0,24,34,0,0,0,0,0,0,0,0,1,3,18,0,0
Adam Trautman,NO,TE,2,LV,2020,0,24,34,0,0,0,0,0,0,0,0,1,1,17,0,0
Dawson Knox,BUF,TE,2,MIA,2020,0,31,28,0,0,0,0,0,0,0,0,1,3,36,0,1
Josh Hill,NO,TE,2,LV,2020,0,24,34,0,0,0,0,0,0,0,0,1,2,16,0,0
Alexander Mattison,MIN,RB,2,IND,2020,0,11,28,0,0,0,0,0,3,13,0,1,2,3,0,0
Kyle Juszczyk,SF,FB,2,NYJ,2020,0,31,13,0,0,0,0,0,0,0,0,2,2,6,0,0
Avery Williamson,NYJ,ILB,2,SF,2020,0,13,31,0,0,0,0,0,0,0,0,0,0,0,0,0
Leonard Williams,NYG,DE,2,CHI,2020,0,13,17,0,0,0,0,0,0,0,0,0,0,0,0,0
Eric Rowe,MIA,SS,2,BUF,2020,0,28,31,0,0,0,0,0,0,0,0,0,0,0,0,0
Rashad Fenton,KC,CB,2,LAC,2020,0,23,20,0,0,0,0,0,0,0,0,0,0,0,0,0
Trysten Hill,DAL,DT,2,ATL,2020,0,40,39,0,0,0,0,0,0,0,0,0,0,0,0,0
Cory Littleton,LV,ILB,2,NO,2020,0,34,24,0,0,0,0,0,0,0,0,0,0,0,0,0
Xavien Howard,MIA,CB,2,BUF,2020,0,28,31,0,0,0,0,0,0,0,0,0,0,0,0,0
Bobby McCain,MIA,CB,2,BUF,2020,0,28,31,0,0,0,0,0,0,0,0,0,0,0,0,0
Kamu Grugier-Hill,MIA,OLB,2,BUF,2020,0,28,31,0,0,0,0,0,0,0,0,0,0,0,0,0
Shaq Lawson,MIA,DE,2,BUF,2020,0,28,31,0,0,0,0,0,0,0,0,0,0,0,0,0
Bilal Nichols,CHI,NT,2,NYG,2020,0,17,13,0,0,0,0,0,0,0,0,0,0,0,0,0
Steven Nelson,PIT,CB,2,DEN,2020,0,26,21,0,0,0,0,0,0,0,0,0,0,0,0,0
Cassius Marsh,JAX,DE,2,TEN,2020,0,30,33,0,0,0,0,0,0,0,0,0,0,0,0,0
Christian Covington,CIN,DE,2,CLE,2020,0,30,35,0,0,0,0,0,0,0,0,0,0,0,0,0
Malcom Brown,NO,DT,2,LV,2020,0,24,34,0,0,0,0,0,0,0,0,0,0,0,0,0
Nickell Robey-Coleman,PHI,CB,2,LAR,2020,0,19,37,0,0,0,0,0,0,0,0,0,0,0,0,0
Tedric Thompson,KC,FS,2,LAC,2020,0,23,20,0,0,0,0,0,0,0,0,0,0,0,0,0
Kevin Byard,TEN,FS,2,JAX,2020,0,33,30,0,0,0,0,0,0,0,0,0,0,0,0,0
Juan Thornhill,KC,FS,2,LAC,2020,0,23,20,0,0,0,0,0,0,0,0,0,0,0,0,0
Jarran Reed,SEA,DT,2,NE,2020,0,35,30,0,0,0,0,0,0,0,0,0,0,0,0,0
Bobby Okereke,IND,ILB,2,MIN,2020,0,28,11,0,0,0,0,0,0,0,0,0,0,0,0,0
Derek Wolfe,BAL,DE,2,HOU,2020,O,33,16,0,0,0,0,0,0,0,0,0,0,0,0,0
Casey Hayward Jr.,LAC,CB,2,KC,2020,0,20,23,0,0,0,0,0,0,0,0,0,0,0,0,0
Josh Allen,JAX,DE,2,TEN,2020,0,30,33,0,0,0,0,0,0,0,0,0,0,0,0,0
Fabian Moreau,WAS,CB,2,ARI,2020,0,15,30,0,0,0,0,0,0,0,0,0,0,0,0,0
Vernon Hargreaves III,HOU,CB,2,BAL,2020,0,16,33,0,0,0,0,0,0,0,0,0,0,0,0,0
Jeffery Simmons,TEN,DE,2,JAX,2020,0,33,30,0,0,0,0,0,0,0,0,0,0,0,0,0
Harrison Bryant,CLE,TE,2,CIN,2020,0,35,30,0,0,0,0,0,0,0,0,1,2,14,0,0
Alex Armah,CAR,FB,2,TB,2020,0,17,31,0,0,0,0,0,0,0,0,1,1,14,0,0
Cole Kmet,CHI,TE,2,NYG,2020,0,17,13,0,0,0,0,0,0,0,0,1,1,12,0,0
Darrel Williams,KC,RB,2,LAC,2020,0,23,20,0,0,0,0,0,0,0,0,1,1,12,0,0
Travis Homer,SEA,RB,2,NE,2020,0,35,30,0,0,0,0,0,3,21,0,0,0,0,0,0
Darwin Thompson,KC,RB,2,LAC,2020,0,23,20,0,0,0,0,0,4,21,0,0,1,0,0,0
Nick Boyle,BAL,TE,2,HOU,2020,0,33,16,0,0,0,0,0,0,0,0,1,1,11,0,0
Sammy Watkins,KC,WR,2,LAC,2020,0,23,20,0,0,0,0,0,0,0,0,1,3,11,0,0
O.J. Howard,TB,TE,2,CAR,2020,O,31,17,0,0,0,0,0,0,0,0,1,3,11,0,0
Tyrone Crawford,DAL,DT,2,ATL,2020,0,40,39,0,0,0,0,0,0,0,0,0,0,0,0,0
Carlos Dunlap,CIN,DE,2,CLE,2020,0,30,35,0,0,0,0,0,0,0,0,0,0,0,0,0
Raven Greene,GB,FS,2,DET,2020,0,42,21,0,0,0,0,0,0,0,0,0,0,0,0,0
Tarvarius Moore,SF,FS,2,NYJ,2020,0,31,13,0,0,0,0,0,0,0,0,0,0,0,0,0
Oshane Ximines,NYG,OLB,2,CHI,2020,0,13,17,0,0,0,0,0,0,0,0,0,0,0,0,0
Kingsley Keke,GB,DE,2,DET,2020,0,42,21,0,0,0,0,0,0,0,0,0,0,0,0,0
Derek Barnett,PHI,DE,2,LAR,2020,0,19,37,0,0,0,0,0,0,0,0,0,0,0,0,0
Darryl Roberts,DET,CB,2,GB,2020,P,21,42,0,0,0,0,0,0,0,0,0,0,0,0,0
Ito Smith,ATL,RB,2,DAL,2020,0,39,40,0,0,0,0,0,5,20,0,0,0,0,0,0
Isaac Rochell,LAC,DE,2,KC,2020,0,20,23,0,0,0,0,0,0,0,0,0,0,0,0,0
Krys Barnes,GB,LB,2,DET,2020,0,42,21,0,0,0,0,0,0,0,0,0,0,0,0,0
Chidobe Awuzie,DAL,CB,2,ATL,2020,IR,40,39,0,0,0,0,0,0,0,0,0,0,0,0,0
LaRoy Reynolds,ATL,OLB,2,DAL,2020,0,39,40,0,0,0,0,0,0,0,0,0,0,0,0,0
Tashaun Gipson Sr.,CHI,SS,2,NYG,2020,0,17,13,0,0,0,0,0,0,0,0,0,0,0,0,0
Ricardo Allen,ATL,FS,2,DAL,2020,O,39,40,0,0,0,0,0,0,0,0,0,0,0,0,0
Trent Murphy,BUF,DE,2,MIA,2020,0,31,28,0,0,0,0,0,0,0,0,0,0,0,0,0
Hassan Ridgeway,PHI,DT,2,LAR,2020,0,19,37,0,0,0,0,0,0,0,0,0,0,0,0,0
Ronnie Harrison Jr.,CLE,SS,2,CIN,2020,0,35,30,0,0,0,0,0,0,0,0,0,0,0,0,0
James Vaughters,CHI,OLB,2,NYG,2020,0,17,13,0,0,0,0,0,0,0,0,0,0,0,0,0
Isaac Yiadom,NYG,CB,2,CHI,2020,0,13,17,0,0,0,0,0,0,0,0,0,0,0,0,0
Dorance Armstrong,DAL,DE,2,ATL,2020,0,40,39,0,0,0,0,0,0,0,0,0,0,0,0,0
Quincy Wilson,NYJ,CB,2,SF,2020,O,13,31,0,0,0,0,0,0,0,0,0,0,0,0,0
Poona Ford,SEA,DT,2,NE,2020,0,35,30,0,0,0,0,0,0,0,0,0,0,0,0,0
Benson Mayowa,SEA,DE,2,NE,2020,0,35,30,0,0,0,0,0,0,0,0,0,0,0,0,0
Sam Hubbard,CIN,DE,2,CLE,2020,0,30,35,0,0,0,0,0,0,0,0,0,0,0,0,0
Darius Phillips,CIN,CB,2,CLE,2020,0,30,35,0,0,0,0,0,0,0,0,0,0,0,0,0
Amani Bledsoe,CIN,DE,2,CLE,2020,0,30,35,0,0,0,0,0,0,0,0,0,0,0,0,0
Michael Brockers,LAR,DT,2,PHI,2020,0,37,19,0,0,0,0,0,0,0,0,0,0,0,0,0
Rayshawn Jenkins,LAC,FS,2,KC,2020,P,20,23,0,0,0,0,0,0,0,0,0,0,0,0,0
Grover Stewart,IND,NT,2,MIN,2020,0,28,11,0,0,0,0,0,0,0,0,0,0,0,0,0
Armon Watts,MIN,NT,2,IND,2020,0,11,28,0,0,0,0,0,0,0,0,0,0,0,0,0
Royce Freeman,DEN,RB,2,PIT,2020,0,21,26,0,0,0,0,0,3,20,0,0,0,0,0,0
Uchenna Nwosu,LAC,OLB,2,KC,2020,0,20,23,0,0,0,0,0,0,0,0,0,0,0,0,0
Jeremiah Attaochu,DEN,OLB,2,PIT,2020,O,21,26,0,0,0,0,0,0,0,0,0,0,0,0,0
Ogbonnia Okoronkwo,LAR,OLB,2,PHI,2020,0,37,19,0,0,0,0,0,0,0,0,0,0,0,0,0
Taven Bryan,JAX,DT,2,TEN,2020,0,30,33,0,0,0,0,0,0,0,0,0,0,0,0,0
Kevin Givens,SF,DT,2,NYJ,2020,0,31,13,0,0,0,0,0,0,0,0,0,0,0,0,0
K'Waun Williams,SF,CB,2,NYJ,2020,P,31,13,0,0,0,0,0,0,0,0,0,0,0,0,0
Malik Hooker,IND,FS,2,MIN,2020,IR,28,11,0,0,0,0,0,0,0,0,0,0,0,0,0
Shaun Dion Hamilton,WAS,ILB,2,ARI,2020,0,15,30,0,0,0,0,0,0,0,0,0,0,0,0,0
Taylor Stallworth,IND,NT,2,MIN,2020,0,28,11,0,0,0,0,0,0,0,0,0,0,0,0,0
Dre Kirkpatrick,ARI,CB,2,WAS,2020,P,30,15,0,0,0,0,0,0,0,0,0,0,0,0,0
Kris Boyd,MIN,CB,2,IND,2020,O,11,28,0,0,0,0,0,0,0,0,0,0,0,0,0
Jacob Martin,HOU,OLB,2,BAL,2020,0,16,33,0,0,0,0,0,0,0,0,0,0,0,0,0
Stephen Weatherly,CAR,DE,2,TB,2020,0,17,31,0,0,0,0,0,0,0,0,0,0,0,0,0
Vita Vea,TB,NT,2,CAR,2020,0,31,17,0,0,0,0,0,0,0,0,0,0,0,0,0
Tre Herndon,JAX,CB,2,TEN,2020,0,30,33,0,0,0,0,0,0,0,0,0,0,0,0,0
Dennis Gardeck,ARI,ILB,2,WAS,2020,P,30,15,0,0,0,0,0,0,0,0,0,0,0,0,0
P.J. Hall,HOU,DT,2,BAL,2020,0,16,33,0,0,0,0,0,0,0,0,0,0,0,0,0
Leon Jacobs,JAX,OLB,2,TEN,2020,IR,30,33,0,0,0,0,0,0,0,0,0,0,0,0,0
Bradley Roby,HOU,CB,2,BAL,2020,0,16,33,0,0,0,0,0,0,0,0,0,0,0,0,0
A.J. Moore Jr.,HOU,SS,2,BAL,2020,IR,16,33,0,0,0,0,0,0,0,0,0,0,0,0,0
Anthony Nelson,TB,OLB,2,CAR,2020,0,31,17,0,0,0,0,0,0,0,0,0,0,0,0,0
Kamren Curl,WAS,S,2,ARI,2020,0,15,30,0,0,0,0,0,0,0,0,0,0,0,0,0
Tim Settle,WAS,NT,2,ARI,2020,0,15,30,0,0,0,0,0,0,0,0,0,0,0,0,0
Shaq Quarterman,JAX,LB,2,TEN,2020,0,30,33,0,0,0,0,0,0,0,0,0,0,0,0,0
Buffalo Bills,BUF,DST,2,MIA,2020,0,31,28,0,0,0,0,0,0,0,0,0,0,0,0,0
Miami Dolphins,MIA,DST,2,BUF,2020,0,28,31,0,0,0,0,0,0,0,0,0,0,0,0,0
Las Vegas Raiders,LV,DST,2,NO,2020,0,34,24,0,0,1,0,0,0,0,0,0,0,0,0,0
Olamide Zaccheaus,ATL,WR,2,DAL,2020,0,39,40,0,0,0,0,0,0,0,0,1,1,10,0,0
Sony Michel,NE,RB,2,SEA,2020,O,30,35,0,0,0,0,0,7,19,0,0,1,0,0,0
Tony Pollard,DAL,RB,2,ATL,2020,0,40,39,0,0,0,0,0,2,6,0,1,1,3,0,0
Will Dissly,SEA,TE,2,NE,2020,0,35,30,0,0,0,0,0,0,0,0,1,1,9,0,0
Kaden Smith,NYG,TE,2,CHI,2020,0,13,17,0,0,0,0,0,0,0,0,2,3,-1,0,0
Chris Manhertz,CAR,TE,2,TB,2020,0,17,31,0,0,0,0,0,0,0,0,1,1,8,0,0
A.J. Dillon,GB,RB,2,DET,2020,0,42,21,0,0,0,0,0,5,17,0,0,0,0,0,0
La'Mical Perine,NYJ,RB,2,SF,2020,0,13,31,0,0,0,0,0,3,17,0,0,0,0,0,0
Jakobi Meyers,NE,WR,2,SEA,2020,0,30,35,0,0,0,0,0,0,0,0,1,1,7,0,0
Ashton Dulin,IND,WR,2,MIN,2020,0,28,11,0,0,0,0,0,0,0,0,1,1,6,0,0
Dean Lowry,GB,DE,2,DET,2020,0,42,21,0,0,0,0,0,0,0,0,0,0,0,0,0
Deatrich Wise Jr.,NE,DE,2,SEA,2020,0,30,35,0,0,0,0,0,0,0,0,0,0,0,0,0
Brennan Scarlett,HOU,OLB,2,BAL,2020,0,16,33,0,0,0,0,0,0,0,0,0,0,0,0,0
Azeez Al-Shaair,SF,ILB,2,NYJ,2020,0,31,13,0,0,0,0,0,0,0,0,0,0,0,0,0
Brent Urban,CHI,DT,2,NYG,2020,0,17,13,0,0,0,0,0,0,0,0,0,0,0,0,0
Danny Trevathan,CHI,ILB,2,NYG,2020,0,17,13,0,0,0,0,0,0,0,0,0,0,0,0,0
Adrian Amos,GB,FS,2,DET,2020,0,42,21,0,0,0,0,0,0,0,0,0,0,0,0,0
Aaron Donald,LAR,DT,2,PHI,2020,0,37,19,0,0,0,0,0,0,0,0,0,0,0,0,0
Dre'Mont Jones,DEN,DE,2,PIT,2020,IR,21,26,0,0,0,0,0,0,0,0,0,0,0,0,0
Da'Shawn Hand,DET,DE,2,GB,2020,P,21,42,0,0,0,0,0,0,0,0,0,0,0,0,0
Allen Bailey,ATL,DE,2,DAL,2020,0,39,40,0,0,0,0,0,0,0,0,0,0,0,0,0
Denzel Perryman,LAC,ILB,2,KC,2020,0,20,23,0,0,0,0,0,0,0,0,0,0,0,0,0
Nate Ebner,NYG,SS,2,CHI,2020,0,13,17,0,0,0,0,0,0,0,0,0,0,0,0,0
Raekwon Davis,MIA,DT,2,BUF,2020,0,28,31,0,0,0,0,0,0,0,0,0,0,0,0,0
Anthony Rush,SEA,DT,2,NE,2020,0,35,30,0,0,0,0,0,0,0,0,0,0,0,0,0
Adam Butler,NE,DT,2,SEA,2020,Q,30,35,0,0,0,0,0,0,0,0,0,0,0,0,0
Abry Jones,JAX,NT,2,TEN,2020,0,30,33,0,0,0,0,0,0,0,0,0,0,0,0,0
Matthew Judon,BAL,OLB,2,HOU,2020,0,33,16,0,0,0,0,0,0,0,0,0,0,0,0,0
Darnay Holmes,NYG,CB,2,CHI,2020,0,13,17,0,0,0,0,0,0,0,0,0,0,0,0,0
Johnathan Hankins,LV,DT,2,NO,2020,0,34,24,0,0,0,0,0,0,0,0,0,0,0,0,0
Germaine Pratt,CIN,ILB,2,CLE,2020,0,30,35,0,0,0,0,0,0,0,0,0,0,0,0,0
Freedom Akinmoladun,CIN,DT,2,CLE,2020,0,30,35,0,0,0,0,0,0,0,0,0,0,0,0,0
J.C. Jackson,NE,CB,2,SEA,2020,0,30,35,0,0,0,0,0,0,0,0,0,0,0,0,0
Javon Kinlaw,SF,DT,2,NYJ,2020,0,31,13,0,0,0,0,0,0,0,0,0,0,0,0,0
Byron Cowart,NE,DT,2,SEA,2020,0,30,35,0,0,0,0,0,0,0,0,0,0,0,0,0
Ben Banogu,IND,DE,2,MIN,2020,0,28,11,0,0,0,0,0,0,0,0,0,0,0,0,0
Margus Hunt,NO,NT,2,LV,2020,0,24,34,0,0,0,0,0,0,0,0,0,0,0,0,0
Leonard Floyd,LAR,OLB,2,PHI,2020,0,37,19,0,0,0,0,0,0,0,0,0,0,0,0,0
Frank Clark,KC,DE,2,LAC,2020,0,23,20,0,0,0,0,0,0,0,0,0,0,0,0,0
Dorian O'Daniel,KC,LB,2,LAC,2020,0,23,20,0,0,0,0,0,0,0,0,0,0,0,0,0
Zach Kerr,CAR,DT,2,TB,2020,0,17,31,0,0,0,0,0,0,0,0,0,0,0,0,0
Shaq Thompson,CAR,ILB,2,TB,2020,0,17,31,0,0,0,0,0,0,0,0,0,0,0,0,0
Tye Smith,TEN,CB,2,JAX,2020,0,33,30,0,0,0,0,0,0,0,0,0,0,0,0,0
DaVon Hamilton,JAX,DT,2,TEN,2020,0,30,33,0,0,0,0,0,0,0,0,0,0,0,0,0
Adarius Taylor,CAR,OLB,2,TB,2020,0,17,31,0,0,0,0,0,0,0,0,0,0,0,0,0
Ross Dwelley,SF,TE,2,NYJ,2020,0,31,13,0,0,0,0,0,0,0,0,1,1,5,0,0
DaeSean Hamilton,DEN,WR,2,PIT,2020,0,21,26,0,0,0,0,0,0,0,0,1,3,5,0,0
Devontae Booker,LV,RB,2,NO,2020,0,34,24,0,0,0,0,0,3,-1,0,1,1,6,0,0
Greg Ward,PHI,WR,2,LAR,2020,0,19,37,0,0,0,0,0,0,0,0,1,1,5,0,0
Chris Herndon,NYJ,TE,2,SF,2020,0,13,31,0,0,0,0,0,0,0,0,1,4,5,0,0
Adam Shaheen,MIA,TE,2,BUF,2020,0,28,31,0,0,0,0,0,0,0,0,1,2,4,0,0
Tyler Ervin,GB,RB,2,DET,2020,Q,42,21,0,0,0,0,0,0,0,0,1,1,4,0,0
Marcedes Lewis,GB,TE,2,DET,2020,D,42,21,0,0,0,0,0,0,0,0,1,1,4,0,0
Henry Ruggs III,LV,WR,2,NO,2020,O,34,24,0,0,0,0,0,0,0,0,1,3,4,0,0
Jaylen Samuels,PIT,RB,2,DEN,2020,0,26,21,0,0,0,0,0,0,0,0,1,2,4,0,0
Nyheim Hines,IND,RB,2,MIN,2020,0,28,11,0,0,0,0,0,0,0,0,1,1,4,0,0
Cam Akers,LAR,RB,2,PHI,2020,O,37,19,0,0,0,0,0,3,13,0,0,0,0,0,0
Irv Smith Jr.,MIN,TE,2,IND,2020,0,11,28,0,0,0,0,0,0,0,0,1,4,3,0,0
Jason Witten,LV,TE,2,NO,2020,0,34,24,0,0,0,0,0,0,0,0,1,1,3,0,0
Keith Smith,ATL,FB,2,DAL,2020,0,39,40,0,0,0,0,0,1,2,0,1,2,1,0,0
Vance McDonald,PIT,TE,2,DEN,2020,0,26,21,0,0,0,0,0,0,0,0,1,2,3,0,0
Antonio Gandy-Golden,WAS,WR,2,ARI,2020,0,15,30,0,0,0,0,0,0,0,0,1,1,3,0,0
Jakeem Grant Sr.,MIA,WR,2,BUF,2020,0,28,31,0,0,0,0,0,0,0,0,1,1,2,0,0
Ryan Nall,CHI,RB,2,NYG,2020,0,17,13,0,0,0,0,0,0,0,0,1,1,2,0,0
Marcus Baugh,WAS,TE,2,ARI,2020,0,15,30,0,0,0,0,0,0,0,0,1,1,2,0,0
Keke Coutee,HOU,WR,2,BAL,2020,O,16,33,0,0,0,0,0,0,0,0,2,2,11,0,1
Kyle Wilber,LV,OLB,2,NO,2020,0,34,24,0,0,0,0,0,0,0,0,0,0,0,0,0
Nevin Lawson,LV,CB,2,NO,2020,0,34,24,0,0,0,0,0,0,0,0,0,0,0,0,0
Carl Granderson,NO,DE,2,LV,2020,0,24,34,0,0,0,0,0,0,0,0,0,0,0,0,0
Siran Neal,BUF,CB,2,MIA,2020,0,31,28,0,0,0,0,0,0,0,0,0,0,0,0,0
Dean Marlowe,BUF,SS,2,MIA,2020,0,31,28,0,0,0,0,0,0,0,0,0,0,0,0,0
Kavon Frazier,MIA,SS,2,BUF,2020,O,28,31,0,0,0,0,0,0,0,0,0,0,0,0,0
Isaiah Buggs,PIT,DT,2,DEN,2020,0,26,21,0,0,0,0,0,0,0,0,0,0,0,0,0
Xavier Rhodes,IND,CB,2,MIN,2020,0,28,11,0,0,0,0,0,0,0,0,0,0,0,0,0
Zaire Franklin,IND,OLB,2,MIN,2020,0,28,11,0,0,0,0,0,0,0,0,0,0,0,0,0
Marcell Harris,SF,SS,2,NYJ,2020,0,31,13,0,0,0,0,0,0,0,0,0,0,0,0,0
Patrick Peterson,ARI,CB,2,WAS,2020,0,30,15,0,0,0,0,0,0,0,0,0,0,0,0,0
Maliek Collins,LV,DT,2,NO,2020,0,34,24,0,0,0,0,0,0,0,0,0,0,0,0,0
Jalen Ramsey,LAR,CB,2,PHI,2020,0,37,19,0,0,0,0,0,0,0,0,0,0,0,0,0
Harvey Langi,NYJ,OLB,2,SF,2020,0,13,31,0,0,0,0,0,0,0,0,0,0,0,0,0
Bravvion Roy,CAR,DT,2,TB,2020,O,17,31,0,0,0,0,0,0,0,0,0,0,0,0,0
Josh Jackson,GB,CB,2,DET,2020,0,42,21,0,0,0,0,0,0,0,0,0,0,0,0,0
Reggie Ragland,DET,LB,2,GB,2020,0,21,42,0,0,0,0,0,0,0,0,0,0,0,0,0
Rudy Ford,PHI,SS,2,LAR,2020,0,19,37,0,0,0,0,0,0,0,0,0,0,0,0,0
Phillip Gaines,HOU,CB,2,BAL,2020,0,16,33,0,0,0,0,0,0,0,0,0,0,0,0,0
Jihad Ward,BAL,OLB,2,HOU,2020,0,33,16,0,0,0,0,0,0,0,0,0,0,0,0,0
Corey Ballentine,NYG,DB,2,CHI,2020,0,13,17,0,0,0,0,0,0,0,0,0,0,0,0,0
Essang Bassey,DEN,CB,2,PIT,2020,0,21,26,0,0,0,0,0,0,0,0,0,0,0,0,0
Sheldon Rankins,NO,DT,2,LV,2020,0,24,34,0,0,0,0,0,0,0,0,0,0,0,0,0
M.J. Stewart Jr.,CLE,CB,2,CIN,2020,0,35,30,0,0,0,0,0,0,0,0,0,0,0,0,0
Calvin Munson,MIA,LB,2,BUF,2020,0,28,31,0,0,0,0,0,0,0,0,0,0,0,0,0
Denico Autry,IND,DL,2,MIN,2020,0,28,11,0,0,0,0,0,0,0,0,0,0,0,0,0
Dee Virgin,DET,CB,2,GB,2020,0,21,42,0,0,0,0,0,0,0,0,0,0,0,0,0
Justin March,DAL,ILB,2,ATL,2020,0,40,39,0,0,0,0,0,0,0,0,0,0,0,0,0
Carl Lawson,CIN,DE,2,CLE,2020,0,30,35,0,0,0,0,0,0,0,0,0,0,0,0,0
Jordan Dangerfield,PIT,SS,2,DEN,2020,0,26,21,0,0,0,0,0,0,0,0,0,0,0,0,0
Nick Thurman,NE,DE,2,SEA,2020,0,30,35,0,0,0,0,0,0,0,0,0,0,0,0,0
Deshazor Everett,WAS,FS,2,ARI,2020,0,15,30,0,0,0,0,0,0,0,0,0,0,0,0,0
Arden Key,LV,DE,2,NO,2020,0,34,24,0,0,0,0,0,0,0,0,0,0,0,0,0
Elijah Lee,DET,OLB,2,GB,2020,O,21,42,0,0,0,0,0,0,0,0,0,0,0,0,0
Duke Dawson Jr.,DEN,CB,2,PIT,2020,0,21,26,0,0,0,0,0,0,0,0,0,0,0,0,0
D.J. Wonnum,MIN,DE,2,IND,2020,0,11,28,0,0,0,0,0,0,0,0,0,0,0,0,0
Marquise Blair,SEA,FS,2,NE,2020,IR,35,30,0,0,0,0,0,0,0,0,0,0,0,0,0
Donovan Wilson,DAL,SS,2,ATL,2020,0,40,39,0,0,0,0,0,0,0,0,0,0,0,0,0
Byron Jones,MIA,CB,2,BUF,2020,O,28,31,0,0,0,0,0,0,0,0,0,0,0,0,0
Khalid Kareem,CIN,DE,2,CLE,2020,0,30,35,0,0,0,0,0,0,0,0,0,0,0,0,0
Jamal Perry,MIA,CB,2,BUF,2020,0,28,31,0,0,0,0,0,0,0,0,0,0,0,0,0
Brandon Jones,MIA,S,2,BUF,2020,0,28,31,0,0,0,0,0,0,0,0,0,0,0,0,0
Justin Hardee,NO,CB,2,LV,2020,0,24,34,0,0,0,0,0,0,0,0,0,0,0,0,0
J.T. Gray,NO,SS,2,LV,2020,0,24,34,0,0,0,0,0,0,0,0,0,0,0,0,0
Zach Sieler,MIA,DT,2,BUF,2020,0,28,31,0,0,0,0,0,0,0,0,0,0,0,0,0
Damontre Moore,SEA,DE,2,NE,2020,0,35,30,0,0,0,0,0,0,0,0,0,0,0,0,0
Terrence Brooks,NE,FS,2,SEA,2020,0,30,35,0,0,0,0,0,0,0,0,0,0,0,0,0
Vincent Taylor,CLE,DT,2,CIN,2020,0,35,30,0,0,0,0,0,0,0,0,0,0,0,0,0
Quandre Diggs,SEA,FS,2,NE,2020,0,35,30,0,0,0,0,0,0,0,0,0,0,0,0,0
Tre Flowers,SEA,CB,2,NE,2020,0,35,30,0,0,0,0,0,0,0,0,0,0,0,0,0
Solomon Thomas,SF,DT,2,NYJ,2020,IR,31,13,0,0,0,0,0,0,0,0,0,0,0,0,0
Dontae Johnson,SF,CB,2,NYJ,2020,0,31,13,0,0,0,0,0,0,0,0,0,0,0,0,0
Austin Johnson,NYG,NT,2,CHI,2020,0,13,17,0,0,0,0,0,0,0,0,0,0,0,0,0
Clelin Ferrell,LV,DE,2,NO,2020,0,34,24,0,0,0,0,0,0,0,0,0,0,0,0,0
Anthony Walker,IND,ILB,2,MIN,2020,0,28,11,0,0,0,0,0,0,0,0,0,0,0,0,0
Roy Robertson-Harris,CHI,DE,2,NYG,2020,0,17,13,0,0,0,0,0,0,0,0,0,0,0,0,0
Melvin Ingram III,LAC,DE,2,KC,2020,IR,20,23,0,0,0,0,0,0,0,0,0,0,0,0,0
Dre Greenlaw,SF,OLB,2,NYJ,2020,O,31,13,0,0,0,0,0,0,0,0,0,0,0,0,0
Cody Barton,SEA,ILB,2,NE,2020,0,35,30,0,0,0,0,0,0,0,0,0,0,0,0,0
Derrek Tuszka,DEN,DE,2,PIT,2020,0,21,26,0,0,0,0,0,0,0,0,0,0,0,0,0
Terrell Burgess,LAR,S,2,PHI,2020,0,37,19,0,0,0,0,0,0,0,0,0,0,0,0,0
D.J. Hayden,JAX,CB,2,TEN,2020,0,30,33,0,0,0,0,0,0,0,0,0,0,0,0,0
Chris Wormley,PIT,NT,2,DEN,2020,0,26,21,0,0,0,0,0,0,0,0,0,0,0,0,0
Isaiah Rodgers,IND,CB,2,MIN,2020,0,28,11,0,0,0,0,0,0,0,0,0,0,0,0,0
Dawuane Smoot,JAX,DE,2,TEN,2020,0,30,33,0,0,0,0,0,0,0,0,0,0,0,0,0
Chris Board,BAL,ILB,2,HOU,2020,0,33,16,0,0,0,0,0,0,0,0,0,0,0,0,0
Sean Chandler,NYG,SS,2,CHI,2020,0,13,17,0,0,0,0,0,0,0,0,0,0,0,0,0
Ezekiel Turner,ARI,ILB,2,WAS,2020,0,30,15,0,0,0,0,0,0,0,0,0,0,0,0,0
Byron Murphy Jr.,ARI,CB,2,WAS,2020,0,30,15,0,0,0,0,0,0,0,0,0,0,0,0,0
Jordan Glasgow,IND,LB,2,MIN,2020,0,28,11,0,0,0,0,0,0,0,0,0,0,0,0,0
Al-Quadin Muhammad,IND,DE,2,MIN,2020,0,28,11,0,0,0,0,0,0,0,0,0,0,0,0,0
Michael Thomas,HOU,SS,2,BAL,2020,0,16,33,0,0,0,0,0,0,0,0,0,0,0,0,0
Keion Crossen,HOU,CB,2,BAL,2020,0,16,33,0,0,0,0,0,0,0,0,0,0,0,0,0
Ryan Connelly,MIN,ILB,2,IND,2020,0,11,28,0,0,0,0,0,0,0,0,0,0,0,0,0
Juston Burris,CAR,SS,2,TB,2020,0,17,31,0,0,0,0,0,0,0,0,0,0,0,0,0
Efe Obada,CAR,DE,2,TB,2020,0,17,31,0,0,0,0,0,0,0,0,0,0,0,0,0
Daniel Thomas,JAX,S,2,TEN,2020,0,30,33,0,0,0,0,0,0,0,0,0,0,0,0,0
Malik Harrison,BAL,LB,2,HOU,2020,0,33,16,0,0,0,0,0,0,0,0,0,0,0,0,0
Montez Sweat,WAS,DE,2,ARI,2020,0,15,30,0,0,0,0,0,0,0,0,0,0,0,0,0
Isaiah Simmons,ARI,LB,2,WAS,2020,0,30,15,0,0,0,0,0,0,0,0,0,0,0,0,0
John Reid,HOU,CB,2,BAL,2020,0,16,33,0,0,0,0,0,0,0,0,0,0,0,0,0
Derrick Brown,CAR,DT,2,TB,2020,0,17,31,0,0,0,0,0,0,0,0,0,0,0,0,0
Rakeem Nunez-Roches,TB,DE,2,CAR,2020,0,31,17,0,0,0,0,0,0,0,0,0,0,0,0,0
Los Angeles Chargers,LAC,DST,2,KC,2020,0,20,23,0,0,0,0,0,0,0,0,0,0,0,0,0
Jamal Agnew,DET,WR,2,GB,2020,0,21,42,0,0,0,0,0,0,0,0,1,1,0,0,0
Andy Janovich,CLE,FB,2,CIN,2020,0,35,30,0,0,0,0,0,0,0,0,1,1,0,0,0
Senorise Perry,TEN,RB,2,JAX,2020,IR,33,30,0,0,0,0,0,2,9,0,0,0,0,0,0
Lynn Bowden Jr.,MIA,WR,2,BUF,2020,0,28,31,0,0,0,0,0,0,0,0,1,1,-1,0,0
Darian Thompson,DAL,SS,2,ATL,2020,0,40,39,0,0,0,0,0,1,3,0,0,0,0,0,0
Taysom Hill,NO,QB,2,LV,2020,0,24,34,0,0,0,0,0,2,8,0,0,0,0,0,0
Joe Reed,LAC,WR,2,KC,2020,O,20,23,0,0,0,0,0,1,8,0,0,0,0,0,0
Parris Campbell,IND,WR,2,MIN,2020,IR,28,11,0,0,0,0,0,1,7,0,0,0,0,0,0
Jeremy McNichols,TEN,RB,2,JAX,2020,0,33,30,0,0,0,0,0,2,7,0,0,0,0,0,0
Nick Mullens,SF,QB,2,NYJ,2020,0,31,13,71,0,0,11,8,2,-2,0,0,0,0,0,2
Damion Square,LAC,NT,2,KC,2020,0,20,23,0,0,0,0,0,0,0,0,0,0,0,0,0
Justin Jones,LAC,DT,2,KC,2020,IR,20,23,0,0,0,0,0,0,0,0,0,0,0,0,0
Pernell McPhee,BAL,OLB,2,HOU,2020,0,33,16,0,0,0,0,0,0,0,0,0,0,0,0,0
Markus Golden,NYG,OLB,2,CHI,2020,0,13,17,0,0,0,0,0,0,0,0,0,0,0,0,0
Bryan Mone,SEA,DT,2,NE,2020,0,35,30,0,0,0,0,0,0,0,0,0,0,0,0,0
Folorunso Fatukasi,NYJ,NT,2,SF,2020,0,13,31,0,0,0,0,0,0,0,0,0,0,0,0,0
Jordan Evans,CIN,OLB,2,CLE,2020,0,30,35,0,0,0,0,0,0,0,0,0,0,0,0,0
Larry Ogunjobi,CLE,DT,2,CIN,2020,0,35,30,0,0,0,0,0,0,0,0,0,0,0,0,0
Kevin Peterson,ARI,CB,2,WAS,2020,0,30,15,0,0,0,0,0,0,0,0,0,0,0,0,0
Tyrell Adams,HOU,OLB,2,BAL,2020,0,16,33,0,0,0,0,0,0,0,0,0,0,0,0,0
Jordan Elliott,CLE,DT,2,CIN,2020,0,35,30,0,0,0,0,0,0,0,0,0,0,0,0,0
Tae Crowder,NYG,LB,2,CHI,2020,0,13,17,0,0,0,0,0,0,0,0,0,0,0,0,0
Montravius Adams,GB,NT,2,DET,2020,0,42,21,0,0,0,0,0,0,0,0,0,0,0,0,0
C.J. Gardner-Johnson,NO,SS,2,LV,2020,0,24,34,0,0,0,0,0,0,0,0,0,0,0,0,0
Frankie Luvu,NYJ,OLB,2,SF,2020,0,13,31,0,0,0,0,0,0,0,0,0,0,0,0,0
Arthur Maulet,NYJ,CB,2,SF,2020,IR,13,31,0,0,0,0,0,0,0,0,0,0,0,0,0
Cody Davis,NE,FS,2,SEA,2020,O,30,35,0,0,0,0,0,0,0,0,0,0,0,0,0
Tyeler Davison,ATL,DT,2,DAL,2020,0,39,40,0,0,0,0,0,0,0,0,0,0,0,0,0
Timmy Jernigan,JAX,DT,2,TEN,2020,0,30,33,0,0,0,0,0,0,0,0,0,0,0,0,0
Justin Layne,PIT,CB,2,DEN,2020,0,26,21,0,0,0,0,0,0,0,0,0,0,0,0,0
Cameron Sutton,PIT,CB,2,DEN,2020,0,26,21,0,0,0,0,0,0,0,0,0,0,0,0,0
Willie Gay Jr.,KC,LB,2,LAC,2020,0,23,20,0,0,0,0,0,0,0,0,0,0,0,0,0
Brandon Watson,JAX,CB,2,TEN,2020,0,30,33,0,0,0,0,0,0,0,0,0,0,0,0,0
James Smith-Williams,WAS,DE,2,ARI,2020,0,15,30,0,0,0,0,0,0,0,0,0,0,0,0,0
Larrell Murchison,TEN,DT,2,JAX,2020,0,33,30,0,0,0,0,0,0,0,0,0,0,0,0,0
Marquis Haynes,CAR,DE,2,TB,2020,0,17,31,0,0,0,0,0,0,0,0,0,0,0,0,0
Troy Pride Jr.,CAR,CB,2,TB,2020,0,17,31,0,0,0,0,0,0,0,0,0,0,0,0,0
Ross Blacklock,HOU,DT,2,BAL,2020,0,16,33,0,0,0,0,0,0,0,0,0,0,0,0,0
Julian Stanford,CAR,ILB,2,TB,2020,0,17,31,0,0,0,0,0,0,0,0,0,0,0,0,0
Daron Payne,WAS,NT,2,ARI,2020,0,15,30,0,0,0,0,0,0,0,0,0,0,0,0,0
C.J. Ham,MIN,FB,2,IND,2020,0,11,28,0,0,0,0,0,1,4,0,0,0,0,0,0
Jeff Wilson Jr.,SF,RB,2,NYJ,2020,0,31,13,0,0,0,0,0,2,3,0,0,0,0,0,0
Peyton Barber,WAS,RB,2,ARI,2020,0,15,30,0,0,0,0,0,1,1,0,0,0,0,0,0
Henry Anderson,NYJ,DE,2,SF,2020,0,13,31,0,0,0,0,0,0,0,0,0,0,0,0,0
Whitney Mercilus,HOU,OLB,2,BAL,2020,0,16,33,0,0,0,0,0,0,0,0,0,0,0,0,0
MyCole Pruitt,TEN,TE,2,JAX,2020,0,33,30,0,0,0,0,0,0,0,0,0,0,0,0,0
Andy Dalton,DAL,QB,2,ATL,2020,0,40,39,0,0,0,1,0,0,0,0,0,0,0,0,0
John Jenkins,CHI,NT,2,NYG,2020,IR,17,13,0,0,0,0,0,0,0,0,0,0,0,0,0
DeAndre Houston-Carson,CHI,S,2,NYG,2020,0,17,13,0,0,0,0,0,0,0,0,0,0,0,0,0
Jake Butt,DEN,TE,2,PIT,2020,0,21,26,0,0,0,0,0,0,0,0,0,0,0,0,0
Robert Jackson,CLE,CB,2,CIN,2020,0,35,30,0,0,0,0,0,0,0,0,0,0,0,0,0
D'Ernest Johnson,CLE,RB,2,CIN,2020,0,35,30,0,0,0,0,0,0,0,0,0,0,0,0,0
Richard Rodgers,PHI,TE,2,LAR,2020,0,19,37,0,0,0,0,0,0,0,0,0,0,0,0,0
J.J. Arcega-Whiteside,PHI,WR,2,LAR,2020,O,19,37,0,0,0,0,0,0,0,0,0,2,0,0,0
Shaun Bradley,PHI,LB,2,LAR,2020,0,19,37,0,0,0,0,0,0,0,0,0,0,0,0,0
Jaydon Mickens,TB,WR,2,CAR,2020,0,31,17,0,0,0,0,0,0,0,0,0,0,0,0,0
Ian Thomas,CAR,TE,2,TB,2020,0,17,31,0,0,0,0,0,0,0,0,0,0,0,0,0
Jack Cichy,TB,ILB,2,CAR,2020,0,31,17,0,0,0,0,0,0,0,0,0,0,0,0,0
Greg Olsen,SEA,TE,2,NE,2020,0,35,30,0,0,0,0,0,0,0,0,0,1,0,0,0
Daniel Brown,NYJ,TE,2,SF,2020,0,13,31,0,0,0,0,0,0,0,0,0,0,0,0,0
Charlie Woerner,SF,TE,2,NYJ,2020,0,31,13,0,0,0,0,0,0,0,0,0,0,0,0,0
Nick Dzubnar,TEN,OLB,2,JAX,2020,0,33,30,0,0,0,0,0,0,0,0,0,0,0,0,0
Luke Gifford,DAL,ILB,2,ATL,2020,0,40,39,0,0,0,0,0,0,0,0,0,0,0,0,0
L.P. Ladouceur,DAL,LS,2,ATL,2020,0,40,39,0,0,0,0,0,0,0,0,0,0,0,0,0
Bradlee Anae,DAL,DE,2,ATL,2020,0,40,39,0,0,0,0,0,0,0,0,0,0,0,0,0
Blake Ferguson,MIA,LS,2,BUF,2020,0,28,31,0,0,0,0,0,0,0,0,0,0,0,0,0
Devante Bond,CHI,OLB,2,NYG,2020,0,17,13,0,0,0,0,0,0,0,0,0,0,0,0,0
Nick Vannett,DEN,TE,2,PIT,2020,0,21,26,0,0,0,0,0,0,0,0,0,2,0,0,0
Trayvon Henderson,CIN,FS,2,CLE,2020,0,30,35,0,0,0,0,0,0,0,0,0,0,0,0,0
Hunter Bradley,GB,LS,2,DET,2020,0,42,21,0,0,0,0,0,0,0,0,0,0,0,0,0
Zach Wood,NO,LS,2,LV,2020,0,24,34,0,0,0,0,0,0,0,0,0,0,0,0,0
Jeff Heath,LV,SS,2,NO,2020,0,34,24,0,0,0,0,0,0,0,0,0,0,0,0,0
Kyle Rudolph,MIN,TE,2,IND,2020,0,11,28,0,0,0,0,0,0,0,0,0,1,0,0,0
Nick Keizer,KC,TE,2,LAC,2020,0,23,20,0,0,0,0,0,0,0,0,0,0,0,0,0
K.J. Osborn,MIN,WR,2,IND,2020,0,11,28,0,0,0,0,0,0,0,0,0,0,0,0,0
Cassh Maluia,NE,LB,2,SEA,2020,0,30,35,0,0,0,0,0,0,0,0,0,0,0,0,0
Mohamed Sanu Sr.,SF,WR,2,NYJ,2020,0,31,13,0,0,0,0,0,0,0,0,0,0,0,0,0
Bruce Miller,JAX,FB,2,TEN,2020,0,30,33,0,0,0,0,0,0,0,0,0,1,0,0,0
Colin Thompson,CAR,TE,2,TB,2020,0,17,31,0,0,0,0,0,0,0,0,0,0,0,0,0
Trenton Cannon,CAR,RB,2,TB,2020,O,17,31,0,0,0,0,0,0,0,0,0,0,0,0,0
Antwaun Woods,DAL,DT,2,ATL,2020,0,40,39,0,0,0,0,0,0,0,0,0,0,0,0,0
Jaylinn Hawkins,ATL,S,2,DAL,2020,0,39,40,0,0,0,0,0,0,0,0,0,0,0,0,0
Patrick Laird,MIA,RB,2,BUF,2020,0,28,31,0,0,0,0,0,0,0,0,0,0,0,0,0
Trey Marshall,DEN,SS,2,PIT,2020,0,21,26,0,0,0,0,0,0,0,0,0,0,0,0,0
JoJo Natson,CLE,WR,2,CIN,2020,IR,35,30,0,0,0,0,0,0,0,0,0,0,0,0,0
Jalen Reeves-Maybin,DET,OLB,2,GB,2020,0,21,42,0,0,0,0,0,0,0,0,0,0,0,0,0
Tyler Conklin,MIN,TE,2,IND,2020,0,11,28,0,0,0,0,0,0,0,0,0,0,0,0,0
Keisean Nixon,LV,CB,2,NO,2020,0,34,24,0,0,0,0,0,0,0,0,0,0,0,0,0
Jachai Polite,LAR,OLB,2,PHI,2020,0,37,19,0,0,0,0,0,0,0,0,0,0,0,0,0
Natrez Patrick,LAR,OLB,2,PHI,2020,0,37,19,0,0,0,0,0,0,0,0,0,0,0,0,0
Ken Webster,SF,CB,2,NYJ,2020,0,31,13,0,0,0,0,0,0,0,0,0,0,0,0,0
Will Compton,TEN,ILB,2,JAX,2020,0,33,30,0,0,0,0,0,0,0,0,0,0,0,0,0
Chris Milton,TEN,CB,2,JAX,2020,0,33,30,0,0,0,0,0,0,0,0,0,0,0,0,0
Kevin Minter,TB,ILB,2,CAR,2020,0,31,17,0,0,0,0,0,0,0,0,0,0,0,0,0
Andrew Adams,TB,SS,2,CAR,2020,0,31,17,0,0,0,0,0,0,0,0,0,0,0,0,0
Cameron Brate,TB,TE,2,CAR,2020,0,31,17,0,0,0,0,0,0,0,0,0,0,0,0,0
Mazzi Wilkins,TB,CB,2,CAR,2020,0,31,17,0,0,0,0,0,0,0,0,0,0,0,0,0
Darryl Johnson,BUF,DE,2,MIA,2020,0,31,28,0,0,0,0,0,0,0,0,0,0,0,0,0
Demetrius Harris,CHI,TE,2,NYG,2020,0,17,13,0,0,0,0,0,0,0,0,0,1,0,0,0
J.P. Holtz,CHI,TE,2,NYG,2020,0,17,13,0,0,0,0,0,0,0,0,0,0,0,0,0
Cethan Carter,CIN,TE,2,CLE,2020,0,30,35,0,0,0,0,0,0,0,0,0,0,0,0,0
Jason Cabinda,DET,ILB,2,GB,2020,0,21,42,0,0,0,0,0,0,0,0,0,0,0,0,0
Tyler Lancaster,GB,DE,2,DET,2020,0,42,21,0,0,0,0,0,0,0,0,0,0,0,0,0
Ty Johnson,DET,RB,2,GB,2020,0,21,42,0,0,0,0,0,0,0,0,0,1,0,0,0
John Lovett,GB,TE,2,DET,2020,0,42,21,0,0,0,0,0,0,0,0,0,0,0,0,0
Trent Sieg,LV,LS,2,NO,2020,0,34,24,0,0,0,0,0,0,0,0,0,0,0,0,0
Michael Burton,NO,FB,2,LV,2020,0,24,34,0,0,0,0,0,0,0,0,0,0,0,0,0
John Hightower,PHI,WR,2,LAR,2020,0,19,37,0,0,0,0,0,0,0,0,0,0,0,0,0
Malik Taylor,GB,WR,2,DET,2020,0,42,21,0,0,0,0,0,0,0,0,0,0,0,0,0
Trey Flowers,DET,DE,2,GB,2020,0,21,42,0,0,0,0,0,0,0,0,0,0,0,0,0
Patrick Robinson,NO,CB,2,LV,2020,0,24,34,0,0,0,0,0,0,0,0,0,0,0,0,0
Rashard Higgins,CLE,WR,2,CIN,2020,O,35,30,0,0,0,0,0,0,0,0,0,0,0,0,0
Sherrick McManis,CHI,DB,2,NYG,2020,O,17,13,0,0,0,0,0,0,0,0,0,0,0,0,0
Joel Iyiegbuniwe,CHI,ILB,2,NYG,2020,0,17,13,0,0,0,0,0,0,0,0,0,0,0,0,0
Andre Smith,BUF,ILB,2,MIA,2020,0,31,28,0,0,0,0,0,0,0,0,0,0,0,0,0
Chandler Cox,MIA,FB,2,BUF,2020,0,28,31,0,0,0,0,0,0,0,0,0,0,0,0,0
Cam Lewis,BUF,CB,2,MIA,2020,0,31,28,0,0,0,0,0,0,0,0,0,0,0,0,0
C.J. Goodwin,DAL,CB,2,ATL,2020,0,40,39,0,0,0,0,0,0,0,0,0,1,0,0,0
Sean McKeon,DAL,TE,2,ATL,2020,0,40,39,0,0,0,0,0,0,0,0,0,0,0,0,0
Brandon Carr,DAL,CB,2,ATL,2020,0,40,39,0,0,0,0,0,0,0,0,0,0,0,0,0
Dontari Poe,DAL,DT,2,ATL,2020,0,40,39,0,0,0,0,0,0,0,0,0,0,0,0,0
Christian Blake,ATL,WR,2,DAL,2020,0,39,40,0,0,0,0,0,0,0,0,0,0,0,0,0
Jonathan Garvin,GB,DL,2,DET,2020,0,42,21,0,0,0,0,0,0,0,0,0,0,0,0,0
Ty Summers,GB,ILB,2,DET,2020,0,42,21,0,0,0,0,0,0,0,0,0,0,0,0,0
C.J. Moore,DET,FS,2,GB,2020,O,21,42,0,0,0,0,0,0,0,0,0,0,0,0,0
John Penisini,DET,DL,2,GB,2020,0,21,42,0,0,0,0,0,0,0,0,0,0,0,0,0
Ka'dar Hollman,GB,CB,2,DET,2020,0,42,21,0,0,0,0,0,0,0,0,0,0,0,0,0
Jaeden Graham,ATL,TE,2,DAL,2020,0,39,40,0,0,0,0,0,0,0,0,0,0,0,0,0
Blidi Wreh-Wilson,ATL,CB,2,DAL,2020,0,39,40,0,0,0,0,0,0,0,0,0,0,0,0,0
Neville Gallimore,DAL,DT,2,ATL,2020,O,40,39,0,0,0,0,0,0,0,0,0,0,0,0,0
Josh Harris,ATL,LS,2,DAL,2020,0,39,40,0,0,0,0,0,0,0,0,0,0,0,0,0
Logan Wilson,CIN,LB,2,CLE,2020,O,30,35,0,0,0,0,0,0,0,0,0,0,0,0,0
Montrel Meander,CLE,LB,2,CIN,2020,0,35,30,0,0,0,0,0,0,0,0,0,0,0,0,0
Tony Brown,CIN,CB,2,CLE,2020,0,30,35,0,0,0,0,0,0,0,0,0,0,0,0,0
Brandon Wilson,CIN,FS,2,CLE,2020,0,30,35,0,0,0,0,0,0,0,0,0,0,0,0,0
Samaje Perine,CIN,RB,2,CLE,2020,0,30,35,0,0,0,0,0,0,0,0,0,0,0,0,0
Mack Hollins,MIA,WR,2,BUF,2020,0,28,31,0,0,0,0,0,0,0,0,0,0,0,0,0
A.J. Epenesa,BUF,DE,2,MIA,2020,0,31,28,0,0,0,0,0,0,0,0,0,0,0,0,0
Darrell Daniels,ARI,TE,2,WAS,2020,0,30,15,0,0,0,0,0,0,0,0,0,1,0,0,0
Tony McRae,DET,CB,2,GB,2020,0,21,42,0,0,0,0,0,0,0,0,0,0,0,0,0
Robert Spillane,PIT,ILB,2,DEN,2020,0,26,21,0,0,0,0,0,0,0,0,0,0,0,0,0
James Pierre,PIT,CB,2,DEN,2020,0,26,21,0,0,0,0,0,0,0,0,0,0,0,0,0
Davontae Harris,DEN,CB,2,PIT,2020,O,21,26,0,0,0,0,0,0,0,0,0,0,0,0,0
Levine Toilolo,NYG,TE,2,CHI,2020,0,13,17,0,0,0,0,0,0,0,0,0,0,0,0,0
Devante Downs,NYG,OLB,2,CHI,2020,0,13,17,0,0,0,0,0,0,0,0,0,0,0,0,0
Joe Cardona,NE,LS,2,SEA,2020,0,30,35,0,0,0,0,0,0,0,0,0,0,0,0,0
Trevor Williams,PHI,CB,2,LAR,2020,IR,19,37,0,0,0,0,0,0,0,0,0,0,0,0,0
Duke Riley,PHI,OLB,2,LAR,2020,0,19,37,0,0,0,0,0,0,0,0,0,0,0,0,0
Xavier Jones,LAR,RB,2,PHI,2020,0,37,19,0,0,0,0,0,0,0,0,0,0,0,0,0
Gerald Everett,LAR,TE,2,PHI,2020,0,37,19,0,0,0,0,0,0,0,0,0,0,0,0,0
Samson Ebukam,LAR,OLB,2,PHI,2020,0,37,19,0,0,0,0,0,0,0,0,0,0,0,0,0
Cedrick Wilson,DAL,WR,2,ATL,2020,0,40,39,0,0,0,0,0,0,0,0,0,0,0,0,0
Cam Brown,NYG,LB,2,CHI,2020,0,13,17,0,0,0,0,0,0,0,0,0,0,0,0,0
Patrick Scales,CHI,LS,2,NYG,2020,0,17,13,0,0,0,0,0,0,0,0,0,0,0,0,0
Luke Willson,SEA,TE,2,NE,2020,0,35,30,0,0,0,0,0,0,0,0,0,0,0,0,0
Aaron Brewer,ARI,LS,2,WAS,2020,0,30,15,0,0,0,0,0,0,0,0,0,0,0,0,0
Jared Norris,WAS,ILB,2,ARI,2020,0,15,30,0,0,0,0,0,0,0,0,0,0,0,0,0
Jesse James,DET,TE,2,GB,2020,0,21,42,0,0,0,0,0,0,0,0,0,0,0,0,0
Oren Burks,GB,ILB,2,DET,2020,0,42,21,0,0,0,0,0,0,0,0,0,0,0,0,0
Mario Edwards Jr.,CHI,DE,2,NYG,2020,0,17,13,0,0,0,0,0,0,0,0,0,0,0,0,0
Brandon Williams,NYG,CB,2,CHI,2020,IR,13,17,0,0,0,0,0,0,0,0,0,0,0,0,0
Kendal Vickers,LV,DE,2,NO,2020,0,34,24,0,0,0,0,0,0,0,0,0,0,0,0,0
Raekwon McMillan,LV,LB,2,NO,2020,0,34,24,0,0,0,0,0,0,0,0,0,0,0,0,0
Miles Killebrew,DET,FS,2,GB,2020,0,21,42,0,0,0,0,0,0,0,0,0,0,0,0,0
Farrod Green,IND,TE,2,MIN,2020,0,28,11,0,0,0,0,0,0,0,0,0,0,0,0,0
Neiko Thorpe,SEA,CB,2,NE,2020,O,35,30,0,0,0,0,0,0,0,0,0,0,0,0,0
Tyler Ott,SEA,LS,2,NE,2020,0,35,30,0,0,0,0,0,0,0,0,0,0,0,0,0
Javin White,LV,LB,2,NO,2020,0,34,24,0,0,0,0,0,0,0,0,0,0,0,0,0
Stephen Carlson,CLE,TE,2,CIN,2020,0,35,30,0,0,0,0,0,0,0,0,0,0,0,0,0
Brandon Powell,ATL,WR,2,DAL,2020,0,39,40,0,0,0,0,0,0,0,0,0,0,0,0,0
Malik Turner,DAL,WR,2,ATL,2020,0,40,39,0,0,0,0,0,0,0,0,0,0,0,0,0
Justin Ellis,BAL,DT,2,HOU,2020,0,33,16,0,0,0,0,0,0,0,0,0,0,0,0,0
Dylan Cole,HOU,OLB,2,BAL,2020,0,16,33,0,0,0,0,0,0,0,0,0,0,0,0,0
Sam Eguavoen,MIA,OLB,2,BUF,2020,0,28,31,0,0,0,0,0,0,0,0,0,0,0,0,0
Tyler Matakevich,BUF,ILB,2,MIA,2020,0,31,28,0,0,0,0,0,0,0,0,0,0,0,0,0
Jacob Hollister,SEA,TE,2,NE,2020,0,35,30,0,0,0,0,0,0,0,0,0,0,0,0,0
Ben Burr-Kirven,SEA,OLB,2,NE,2020,0,35,30,0,0,0,0,0,0,0,0,0,0,0,0,0
Matthew Slater,NE,WR,2,SEA,2020,0,30,35,0,0,0,0,0,0,0,0,0,0,0,0,0
Marquez Callaway,NO,WR,2,LV,2020,0,24,34,0,0,0,0,0,0,0,0,0,0,0,0,0
Nick Scott,LAR,FS,2,PHI,2020,0,37,19,0,0,0,0,0,0,0,0,0,0,0,0,0
Troy Reeder,LAR,ILB,2,PHI,2020,0,37,19,0,0,0,0,0,0,0,0,0,0,0,0,0
Ameer Abdullah,MIN,RB,2,IND,2020,0,11,28,0,0,0,0,0,0,0,0,0,0,0,0,0
Matthew Adams,IND,OLB,2,MIN,2020,IR,28,11,0,0,0,0,0,0,0,0,0,0,0,0,0
Mike Boone,MIN,RB,2,IND,2020,0,11,28,0,0,0,0,0,0,0,0,0,0,0,0,0
Don Muhlbach,DET,LS,2,GB,2020,0,21,42,0,0,0,0,0,0,0,0,0,0,0,0,0
Akeem Davis-Gaither,CIN,LB,2,CLE,2020,0,30,35,0,0,0,0,0,0,0,0,0,0,0,0,0
Tae Davis,CLE,ILB,2,CIN,2020,O,35,30,0,0,0,0,0,0,0,0,0,0,0,0,0
Bennie Fowler,NO,WR,2,LV,2020,0,24,34,0,0,0,0,0,0,0,0,0,0,0,0,0
Jaquan Johnson,BUF,SS,2,MIA,2020,0,31,28,0,0,0,0,0,0,0,0,0,0,0,0,0
Durham Smythe,MIA,TE,2,BUF,2020,0,28,31,0,0,0,0,0,0,0,0,0,0,0,0,0
Deon Lacey,BUF,LB,2,MIA,2020,0,31,28,0,0,0,0,0,0,0,0,0,0,0,0,0
Reid Ferguson,BUF,LS,2,MIA,2020,0,31,28,0,0,0,0,0,0,0,0,0,0,0,0,0
Casey Kreiter,NYG,LS,2,CHI,2020,0,13,17,0,0,0,0,0,0,0,0,0,0,0,0,0
Kindle Vildor,CHI,CB,2,NYG,2020,0,17,13,0,0,0,0,0,0,0,0,0,0,0,0,0
Dante Pettis,SF,WR,2,NYJ,2020,0,31,13,0,0,0,0,0,0,0,0,0,0,0,0,0
Jace Sternberger,GB,TE,2,DET,2020,0,42,21,0,0,0,0,0,0,0,0,0,1,0,0,0
Sharrod Neasman,ATL,FS,2,DAL,2020,0,39,40,0,0,0,0,0,0,0,0,0,0,0,0,0
Tyler Kroft,BUF,TE,2,MIA,2020,0,31,28,0,0,0,0,0,0,0,0,0,0,0,0,0
Justin Bethel,NE,CB,2,SEA,2020,0,30,35,0,0,0,0,0,0,0,0,0,0,0,0,0
Anfernee Jennings,NE,LB,2,SEA,2020,0,30,35,0,0,0,0,0,0,0,0,0,0,0,0,0
Devin Asiasi,NE,TE,2,SEA,2020,0,30,35,0,0,0,0,0,0,0,0,0,0,0,0,0
Austin Calitro,DEN,OLB,2,PIT,2020,IR,21,26,0,0,0,0,0,0,0,0,0,0,0,0,0
Joe Jones,DEN,ILB,2,PIT,2020,0,21,26,0,0,0,0,0,0,0,0,0,0,0,0,0
Ray-Ray McCloud III,PIT,WR,2,DEN,2020,0,26,21,0,0,0,0,0,0,0,0,0,0,0,0,0
Kameron Canaday,PIT,LS,2,DEN,2020,0,26,21,0,0,0,0,0,0,0,0,0,0,0,0,0
Andrew Brown,CIN,DE,2,CLE,2020,O,30,35,0,0,0,0,0,0,0,0,0,0,0,0,0
Clark Harris,CIN,LS,2,CLE,2020,0,30,35,0,0,0,0,0,0,0,0,0,0,0,0,0
Alex Erickson,CIN,WR,2,CLE,2020,0,30,35,0,0,0,0,0,0,0,0,0,0,0,0,0
Charley Hughlett,CLE,LS,2,CIN,2020,0,35,30,0,0,0,0,0,0,0,0,0,0,0,0,0
John Ross III,CIN,WR,2,CLE,2020,O,30,35,0,0,0,0,0,0,0,0,0,2,0,0,0
Kyle Nelson,SF,LS,2,NYJ,2020,0,31,13,0,0,0,0,0,0,0,0,0,0,0,0,0
Stephen Anderson,LAC,TE,2,KC,2020,0,20,23,0,0,0,0,0,0,0,0,0,0,0,0,0
Derek Carrier,LV,TE,2,NO,2020,0,34,24,0,0,0,0,0,0,0,0,0,0,0,0,0
Zack Baun,NO,LB,2,LV,2020,0,24,34,0,0,0,0,0,0,0,0,0,0,0,0,0
Levante Bellamy,DEN,RB,2,PIT,2020,0,21,26,0,0,0,0,0,0,0,0,0,0,0,0,0
Jordyn Brooks,SEA,LB,2,NE,2020,O,35,30,0,0,0,0,0,0,0,0,0,0,0,0,0
Brandon Facyson,LAC,CB,2,KC,2020,0,20,23,0,0,0,0,0,0,0,0,0,0,0,0,0
Byron Pringle,KC,WR,2,LAC,2020,0,23,20,0,0,0,0,0,0,0,0,0,0,0,0,0
Asmar Bilal,LAC,LB,2,KC,2020,IR,20,23,0,0,0,0,0,0,0,0,0,0,0,0,0
Jalen Hurts,PHI,QB,2,LAR,2020,0,19,37,0,0,0,0,0,0,0,0,0,0,0,0,0
Jake McQuaide,LAR,LS,2,PHI,2020,0,37,19,0,0,0,0,0,0,0,0,0,0,0,0,0
Justin Hollins,LAR,OLB,2,PHI,2020,0,37,19,0,0,0,0,0,0,0,0,0,0,0,0,0
Javon Hargrave,PHI,DT,2,LAR,2020,0,19,37,0,0,0,0,0,0,0,0,0,0,0,0,0
David Long Jr.,LAR,CB,2,PHI,2020,0,37,19,0,0,0,0,0,0,0,0,0,0,0,0,0
Ryan Griffin,NYJ,TE,2,SF,2020,0,13,31,0,0,0,0,0,0,0,0,0,0,0,0,0
Matthias Farley,NYJ,FS,2,SF,2020,0,13,31,0,0,0,0,0,0,0,0,0,0,0,0,0
Nick Bosa,SF,DE,2,NYJ,2020,IR,31,13,0,0,0,0,0,0,0,0,0,0,0,0,0
Sheldrick Redwine,CLE,FS,2,CIN,2020,0,35,30,0,0,0,0,0,0,0,0,0,0,0,0,0
Nick Bellore,SEA,FB,2,NE,2020,0,35,30,0,0,0,0,0,0,0,0,0,0,0,0,0
Joejuan Williams,NE,CB,2,SEA,2020,0,30,35,0,0,0,0,0,0,0,0,0,0,0,0,0
Nsimba Webster,LAR,WR,2,PHI,2020,0,37,19,0,0,0,0,0,0,0,0,0,0,0,0,0
Alex Singleton,PHI,OLB,2,LAR,2020,0,19,37,0,0,0,0,0,0,0,0,0,0,0,0,0
Isaiah Johnson,LV,CB,2,NO,2020,0,34,24,0,0,0,0,0,0,0,0,0,0,0,0,0
Craig Robertson,NO,OLB,2,LV,2020,0,24,34,0,0,0,0,0,0,0,0,0,0,0,0,0
James Winchester,KC,LS,2,LAC,2020,0,23,20,0,0,0,0,0,0,0,0,0,0,0,0,0
Rick Lovato,PHI,LS,2,LAR,2020,0,19,37,0,0,0,0,0,0,0,0,0,0,0,0,0
Davion Taylor,PHI,LB,2,LAR,2020,0,19,37,0,0,0,0,0,0,0,0,0,0,0,0,0
Luke Stocker,ATL,TE,2,DAL,2020,0,39,40,0,0,0,0,0,0,0,0,0,0,0,0,0
Andre Roberts,BUF,WR,2,MIA,2020,0,31,28,0,0,0,0,0,0,0,0,0,0,0,0,0
Damion Ratley,NYG,WR,2,CHI,2020,0,13,17,0,0,0,0,0,0,0,0,0,2,0,0,0
Kaden Elliss,NO,OLB,2,LV,2020,0,24,34,0,0,0,0,0,0,0,0,0,0,0,0,0
Emeke Egbule,LAC,OLB,2,KC,2020,0,20,23,0,0,0,0,0,0,0,0,0,0,0,0,0
Dan Chisena,MIN,WR,2,IND,2020,0,11,28,0,0,0,0,0,0,0,0,0,0,0,0,0
Greg Gaines,LAR,NT,2,PHI,2020,0,37,19,0,0,0,0,0,0,0,0,0,0,0,0,0
Taiwan Jones,BUF,RB,2,MIA,2020,0,31,28,0,0,0,0,0,0,0,0,0,0,0,0,0
De'Vante Bausby,DEN,CB,2,PIT,2020,0,21,26,0,0,0,0,0,0,0,0,0,0,0,0,0
Alex Highsmith,PIT,LB,2,DEN,2020,0,26,21,0,0,0,0,0,0,0,0,0,0,0,0,0
Casey Toohill,PHI,DE,2,LAR,2020,O,19,37,0,0,0,0,0,0,0,0,0,0,0,0,0
Morgan Cox,BAL,LS,2,HOU,2020,0,33,16,0,0,0,0,0,0,0,0,0,0,0,0,0
D.J. Foster,ARI,RB,2,WAS,2020,0,30,15,0,0,0,0,0,0,0,0,0,0,0,0,0
Elijhaa Penny,NYG,RB,2,CHI,2020,0,13,17,0,0,0,0,0,0,0,0,0,0,0,0,0
Anthony Miller,CHI,WR,2,NYG,2020,0,17,13,0,0,0,0,0,0,0,0,0,3,0,0,0
Sean Davis,PIT,FS,2,DEN,2020,0,26,21,0,0,0,0,0,0,0,0,0,0,0,0,0
Olasunkanmi Adeniyi,PIT,OLB,2,DEN,2020,0,26,21,0,0,0,0,0,0,0,0,0,0,0,0,0
Marcus Allen,PIT,FS,2,DEN,2020,D,26,21,0,0,0,0,0,0,0,0,0,0,0,0,0
Jacob Bobenmoyer,DEN,LS,2,PIT,2020,0,21,26,0,0,0,0,0,0,0,0,0,0,0,0,0
DeMarcus Walker,DEN,DE,2,PIT,2020,IR,21,26,0,0,0,0,0,0,0,0,0,0,0,0,0
Diontae Spencer,DEN,WR,2,PIT,2020,0,21,26,0,0,0,0,0,0,0,0,0,0,0,0,0
Johnny Mundt,LAR,TE,2,PHI,2020,0,37,19,0,0,0,0,0,0,0,0,0,0,0,0,0
Alohi Gilman,LAC,S,2,KC,2020,0,20,23,0,0,0,0,0,0,0,0,0,0,0,0,0
Antonio Hamilton,KC,CB,2,LAC,2020,0,23,20,0,0,0,0,0,0,0,0,0,0,0,0,0
Marcus Kemp,KC,WR,2,LAC,2020,0,23,20,0,0,0,0,0,0,0,0,0,0,0,0,0
Ashtyn Davis,NYJ,S,2,SF,2020,O,13,31,0,0,0,0,0,0,0,0,0,0,0,0,0
Josh Adams,NYJ,RB,2,SF,2020,0,13,31,0,0,0,0,0,1,0,0,0,0,0,0,0
Derek Watt,PIT,FB,2,DEN,2020,Q,26,21,0,0,0,0,0,0,0,0,0,0,0,0,0
Troy Dye,MIN,LB,2,IND,2020,IR,11,28,0,0,0,0,0,0,0,0,0,0,0,0,0
Daurice Fountain,IND,WR,2,MIN,2020,0,28,11,0,0,0,0,0,0,0,0,0,0,0,0,0
Morgan Fox,LAR,DE,2,PHI,2020,0,37,19,0,0,0,0,0,0,0,0,0,0,0,0,0
Cre'Von LeBlanc,PHI,CB,2,LAR,2020,0,19,37,0,0,0,0,0,0,0,0,0,0,0,0,0
Corey Clement,PHI,RB,2,LAR,2020,0,19,37,0,0,0,0,0,0,0,0,0,0,0,0,0
Jordan Richards,BAL,SS,2,HOU,2020,0,33,16,0,0,0,0,0,0,0,0,0,0,0,0,0
Andrew Beck,DEN,TE,2,PIT,2020,0,21,26,0,0,0,0,0,0,0,0,0,0,0,0,0
Noah Togiai,IND,TE,2,MIN,2020,O,28,11,0,0,0,0,0,0,0,0,0,0,0,0,0
Anthony Sherman,KC,FB,2,LAC,2020,0,23,20,0,0,0,0,0,0,0,0,0,0,0,0,0
Taja Sharpe,MIN,WR,2,IND,2020,O,11,28,0,0,0,0,0,0,0,0,0,0,0,0,0
Danny Johnson,WAS,CB,2,ARI,2020,O,15,30,0,0,0,0,0,0,0,0,0,0,0,0,0
Trevon Wesco,NYJ,TE,2,SF,2020,0,13,31,0,0,0,0,0,0,0,0,0,0,0,0,0
Mark Nzeocha,SF,OLB,2,NYJ,2020,IR,31,13,0,0,0,0,0,0,0,0,0,0,0,0,0
Kentavius Street,SF,DE,2,NYJ,2020,0,31,13,0,0,0,0,0,0,0,0,0,0,0,0,0
Cole Mazza,LAC,LS,2,KC,2020,0,20,23,0,0,0,0,0,0,0,0,0,0,0,0,0
Ty Long,LAC,K,2,KC,2020,0,20,23,0,0,0,0,0,0,0,0,0,0,0,0,0
Jon Weeks,HOU,LS,2,BAL,2020,0,16,33,0,0,0,0,0,0,0,0,0,0,0,0,0
Ryan Anderson,WAS,OLB,2,ARI,2020,P,15,30,0,0,0,0,0,0,0,0,0,0,0,0,0
Greg Stroman,WAS,CB,2,ARI,2020,0,15,30,0,0,0,0,0,0,0,0,0,0,0,0,0
Nathan Shepherd,NYJ,DE,2,SF,2020,O,13,31,0,0,0,0,0,0,0,0,0,0,0,0,0
George Odum,IND,FS,2,MIN,2020,0,28,11,0,0,0,0,0,0,0,0,0,0,0,0,0
Anthony Barr,MIN,OLB,2,IND,2020,IR,11,28,0,0,0,0,0,0,0,0,0,0,0,0,0
Carlos Watkins,HOU,DE,2,BAL,2020,0,16,33,0,0,0,0,0,0,0,0,0,0,0,0,0
Thomas Hennessy,NYJ,LS,2,SF,2020,0,13,31,0,0,0,0,0,0,0,0,0,0,0,0,0
Ryan Kerrigan,WAS,DE,2,ARI,2020,0,15,30,0,0,0,0,0,0,0,0,0,0,0,0,0
C.J. Prosise,HOU,RB,2,BAL,2020,0,16,33,0,0,0,0,0,0,0,0,0,0,0,0,0
Gabe Nabers,LAC,FB,2,KC,2020,0,20,23,0,0,0,0,0,0,0,0,0,0,0,0,0
Tavon Wilson,IND,SS,2,MIN,2020,0,28,11,0,0,0,0,0,0,0,0,0,0,0,0,0
Braxton Hoyett,KC,NT,2,LAC,2020,0,23,20,0,0,0,0,0,0,0,0,0,0,0,0,0
Nick Sundberg,WAS,LS,2,ARI,2020,0,15,30,0,0,0,0,0,0,0,0,0,0,0,0,0
K.J. Hill Jr.,LAC,WR,2,KC,2020,0,20,23,0,0,0,0,0,0,0,0,0,0,0,0,0
Darius Bradwell,LAC,RB,2,KC,2020,0,20,23,0,0,0,0,0,0,0,0,0,0,0,0,0
Virgil Green,LAC,TE,2,KC,2020,0,20,23,0,0,0,0,0,0,0,0,0,0,0,0,0
Nick Vigil,LAC,OLB,2,KC,2020,P,20,23,0,0,0,0,0,0,0,0,0,0,0,0,0
Luke Rhodes,IND,ILB,2,MIN,2020,0,28,11,0,0,0,0,0,0,0,0,0,0,0,0,0
Broderick Washington,BAL,DT,2,HOU,2020,0,33,16,0,0,0,0,0,0,0,0,0,0,0,0,0
Austin Cutting,MIN,LS,2,IND,2020,0,11,28,0,0,0,0,0,0,0,0,0,0,0,0,0
Josh Metellus,MIN,S,2,IND,2020,0,11,28,0,0,0,0,0,0,0,0,0,0,0,0,0
Chris Claybrooks,JAX,CB,2,TEN,2020,0,30,33,0,0,0,0,0,0,0,0,0,0,0,0,1
Ross Matiscik,JAX,LS,2,TEN,2020,0,30,33,0,0,0,0,0,0,0,0,0,0,0,0,0
Armani Watts,KC,FS,2,LAC,2020,0,23,20,0,0,0,0,0,0,0,0,0,0,0,0,0
Anthony Levine Sr.,BAL,SS,2,HOU,2020,P,33,16,0,0,0,0,0,0,0,0,0,0,0,0,0
Brandon Zylstra,CAR,WR,2,TB,2020,0,17,31,0,0,0,0,0,0,0,0,0,0,0,0,0
Ke'Shawn Vaughn,TB,RB,2,CAR,2020,0,31,17,0,0,0,0,0,0,0,0,0,0,0,0,0
Sidney Jones,JAX,CB,2,TEN,2020,0,30,33,0,0,0,0,0,0,0,0,0,0,0,0,0
Curtis Riley,ARI,FS,2,WAS,2020,0,30,15,0,0,0,0,0,0,0,0,0,0,0,0,0
Myles Hartsfield,CAR,CB,2,TB,2020,0,17,31,0,0,0,0,0,0,0,0,0,0,0,0,0
Seth Roberts,CAR,WR,2,TB,2020,0,17,31,0,0,0,0,0,0,0,0,0,0,0,0,0
Khaleke Hudson,WAS,LB,2,ARI,2020,0,15,30,0,0,0,0,0,0,0,0,0,0,0,0,0
Charles Washington,ARI,FS,2,WAS,2020,0,30,15,0,0,0,0,0,0,0,0,0,0,0,0,0
Beau Brinkley,TEN,LS,2,JAX,2020,0,33,30,0,0,0,0,0,0,0,0,0,0,0,0,0
Tavon Young,BAL,CB,2,HOU,2020,IR,33,16,0,0,0,0,0,0,0,0,0,0,0,0,0
Rashard Lawrence,ARI,DT,2,WAS,2020,0,30,15,0,0,0,0,0,0,0,0,0,0,0,0,0
Kalif Raymond,TEN,WR,2,JAX,2020,0,33,30,0,0,0,0,0,0,0,0,0,0,0,0,0
Matt Dickerson,TEN,DE,2,JAX,2020,0,33,30,0,0,0,0,0,0,0,0,0,0,0,0,0
Cam Sims,WAS,WR,2,ARI,2020,0,15,30,0,0,0,0,0,0,0,0,0,1,0,0,0
Joshua Kalu,TEN,FS,2,JAX,2020,0,33,30,0,0,0,0,0,0,0,0,0,0,0,0,0
J.J. Jansen,CAR,LS,2,TB,2020,0,17,31,0,0,0,0,0,0,0,0,0,0,0,0,0
Kamalei Correa,TEN,OLB,2,JAX,2020,0,33,30,0,0,0,0,0,0,0,0,0,0,0,0,0
Otaro Alaka,BAL,OLB,2,HOU,2020,0,33,16,0,0,0,0,0,0,0,0,0,0,0,0,0
Jeremy Sprinkle,WAS,TE,2,ARI,2020,0,15,30,0,0,0,0,0,0,0,0,0,0,0,0,0
Jordan Thomas,ARI,TE,2,WAS,2020,0,30,15,0,0,0,0,0,0,0,0,0,0,0,0,0
Tanner Hudson,TB,TE,2,CAR,2020,0,31,17,0,0,0,0,0,0,0,0,0,0,0,0,0
Ben Ellefson,JAX,TE,2,TEN,2020,0,30,33,0,0,0,0,0,0,0,0,0,0,0,0,0
Will Fuller V,HOU,WR,2,BAL,2020,0,16,33,0,0,0,0,0,1,0,0,0,0,0,0,0
Trent Sherfield,ARI,WR,2,WAS,2020,0,30,15,0,0,0,0,0,0,0,0,0,0,0,0,0
Khari Blasingame,TEN,RB,2,JAX,2020,0,33,30,0,0,0,0,0,0,0,0,0,0,0,0,0
Dakota Allen,JAX,OLB,2,TEN,2020,0,30,33,0,0,0,0,0,0,0,0,0,0,0,0,0
Jaylon Ferguson,BAL,OLB,2,HOU,2020,0,33,16,0,0,0,0,0,0,0,0,0,0,0,0,0
David Long,TEN,ILB,2,JAX,2020,0,33,30,0,0,0,0,0,0,0,0,0,0,0,0,0
Chris Streveler,ARI,QB,2,WAS,2020,0,30,15,0,0,0,0,0,0,0,0,0,0,0,0,0
Dare Ogunbowale,JAX,RB,2,TEN,2020,0,30,33,0,0,0,0,0,0,0,0,0,0,0,0,0
Deionte Thompson,ARI,SS,2,WAS,2020,0,30,15,0,0,0,0,0,0,0,0,0,0,0,0,0
Zach Triner,TB,LS,2,CAR,2020,0,31,17,0,0,0,0,0,0,0,0,0,0,0,0,0
Mike Edwards,TB,FS,2,CAR,2020,0,31,17,0,0,0,0,0,0,0,0,0,0,0,0,0
Pharoh Cooper,CAR,WR,2,TB,2020,0,17,31,0,0,0,0,0,0,0,0,0,0,0,0,1
DeAndre Carter,HOU,WR,2,BAL,2020,0,16,33,0,0,0,0,0,0,0,0,0,0,0,0,0
Angelo Blackson,ARI,DE,2,WAS,2020,0,30,15,0,0,0,0,0,0,0,0,0,0,0,0,0
James Proche II,BAL,WR,2,HOU,2020,0,33,16,0,0,0,0,0,0,0,0,0,0,0,0,0
Kylie Fitts,ARI,OLB,2,WAS,2020,0,30,15,0,0,0,0,0,0,0,0,0,0,0,0,0
Cullen Gillaspia,HOU,FB,2,BAL,2020,O,16,33,0,0,0,0,0,0,0,0,0,0,0,0,0
Collin Johnson,JAX,WR,2,TEN,2020,0,30,33,0,0,0,0,0,0,0,0,0,3,0,0,0
Tanner Vallejo,ARI,ILB,2,WAS,2020,P,30,15,0,0,0,0,0,0,0,0,0,0,0,0,0
Buddy Howell,HOU,RB,2,BAL,2020,0,16,33,0,0,0,0,0,0,0,0,0,0,0,0,0
Cyril Grayson,TB,WR,2,CAR,2020,0,31,17,0,0,0,0,0,0,0,0,0,1,0,0,0
Patrick O'Connor,TB,DE,2,CAR,2020,0,31,17,0,0,0,0,0,0,0,0,0,0,0,0,0
Sam Franklin Jr.,CAR,LB,2,TB,2020,0,17,31,0,0,0,0,0,0,0,0,0,0,0,0,0
Ryan Smith,TB,CB,2,CAR,2020,0,31,17,0,0,0,0,0,0,0,0,0,0,0,0,0
Rob Gronkowski,TB,TE,2,CAR,2020,0,31,17,0,0,0,0,0,0,0,0,0,1,0,0,0
Jermaine Carter,CAR,ILB,2,TB,2020,0,17,31,0,0,0,0,0,0,0,0,0,0,0,0,0
Quinton Bell,TB,OLB,2,CAR,2020,0,31,17,0,0,0,0,0,0,0,0,0,0,0,0,0
Jacksonville Jaguars,JAX,DST,2,TEN,2020,0,30,33,0,0,0,0,0,0,0,0,0,0,0,0,0
Tim Boyle,GB,QB,2,DET,2020,0,42,21,0,0,0,0,0,2,-1,0,0,0,0,0,0
J.J. Taylor,NE,RB,2,SEA,2020,0,30,35,0,0,0,0,0,1,-1,0,0,0,0,0,0
Benny Snell Jr.,PIT,RB,2,DEN,2020,0,26,21,0,0,0,0,0,3,5,0,1,1,-4,0,1
Philadelphia Eagles,PHI,DST,2,LAR,2020,0,19,37,0,0,0,0,0,0,0,0,0,0,0,0,0
Drew Lock,DEN,QB,2,PIT,2020,O,21,26,20,0,0,5,1,0,0,0,0,0,0,0,1
Kirk Cousins,MIN,QB,2,IND,2020,0,11,28,113,0,0,26,11,0,0,0,0,0,0,0,0
Cincinnati Bengals,CIN,DST,2,CLE,2020,0,30,35,0,0,1,0,0,0,0,0,0,0,0,0,0
Dallas Cowboys,DAL,DST,2,ATL,2020,0,40,39,0,0,0,0,0,0,0,0,0,0,0,0,0
Detroit Lions,DET,DST,2,GB,2020,0,21,42,0,0,0,0,0,0,0,0,0,0,0,0,0
